datasetName;numQuery;queryArea;minX;minY;maxX;maxY;areaint;cardinality;mbrTests;averageExecutionTime;numberParallelThreads;totalExecutionTime
dataset0001;1;1.0;2.0;8.0;3.0;9.0;1.0;0.0;0;0;0;0
dataset0001;2;1.0;3.0;7.0;4.0;8.0;1.0;0.00063;50239;1333;3;4000
dataset0001;3;1.0;4.0;6.0;5.0;7.0;1.0;0.042906;120428;9000;4;36000
dataset0001;4;1.0;5.0;5.0;6.0;6.0;1.0;0.0;40228;3000;2;6000
dataset0001;5;1.0;6.0;4.0;7.0;5.0;1.0;0.039506;119784;8333;6;50000
dataset0001;1;0.5;6.5;3.5;7.5;4.0;0.5;0.071334;63742;5000;2;10000
dataset0001;2;0.5;6.5;4.5;7.5;5.0;0.5;0.027878;56042;3500;4;14000
dataset0001;3;0.5;6.5;5.5;7.5;6.0;0.5;0.006968;40044;3000;2;6000
dataset0001;4;0.5;6.5;6.5;7.5;7.0;0.5;0.0;39938;2000;1;2000
dataset0001;5;0.5;6.5;7.5;7.5;8.0;0.5;0.0;9963;0;1;0
dataset0001;1;2.0;2.0;4.0;4.0;5.0;2.0;0.089992;160554;11875;8;95000
dataset0001;2;2.0;6.0;4.0;8.0;5.0;2.0;0.088966;159657;11750;8;94000
dataset0001;3;2.0;2.0;8.0;4.0;9.0;2.0;0.0;9977;0;1;0
dataset0001;4;2.0;6.0;8.0;8.0;9.0;2.0;0.0;9963;0;1;0
dataset0001;5;2.0;4.5;5.5;5.5;7.5;2.0;0.048308;140368;9666;6;58000
dataset0001;1;1.5;3.5;3.5;4.5;5.0;1.5;0.124228;99914;7200;5;36000
dataset0001;2;1.5;3.5;4.5;4.5;6.0;1.5;0.030642;36222;2333;3;7000
dataset0001;3;1.5;3.5;5.5;4.5;7.0;1.5;0.051856;60323;4000;2;8000
dataset0001;4;1.5;3.5;6.5;4.5;8.0;1.5;0.025602;50239;2500;2;5000
dataset0001;5;1.5;3.5;7.5;4.5;9.0;1.5;0.002766;9977;0;1;0
dataset0001;1;0.75;2.5;8.75;3.5;9.5;0.75;0.0;0;0;0;0
dataset0001;2;0.75;2.5;7.75;3.5;8.5;0.75;0.0;9977;0;1;0
dataset0001;3;0.75;2.5;6.75;3.5;7.5;0.75;0.0;50239;1666;3;5000
dataset0001;4;0.75;2.5;5.75;3.5;6.5;0.75;0.010866;80418;4250;4;17000
dataset0001;5;0.75;2.5;4.75;3.5;5.5;0.75;0.042956;56467;4250;4;17000
dataset0001;1;1.75;5.5;7.75;6.5;9.5;1.75;0.00055;9963;0;1;0
dataset0001;2;1.75;5.5;6.75;6.5;8.5;1.75;0.019884;49901;2500;2;5000
dataset0001;3;1.75;5.5;5.75;6.5;7.5;1.75;0.057836;70068;4333;3;13000
dataset0001;4;1.75;5.5;4.75;6.5;6.5;1.75;0.063016;76000;5000;4;20000
dataset0001;5;1.75;5.5;3.75;6.5;5.5;1.75;0.074996;99915;6400;5;32000
dataset0001;1;0.25;2.25;6.0;2.5;7.0;0.25;0.0;20095;1000;2;2000
dataset0001;2;0.25;2.5;6.0;2.75;7.0;0.25;0.0;20095;500;2;1000
dataset0001;3;0.25;7.25;6.0;7.5;7.0;0.25;0.0;19877;1000;1;1000
dataset0001;4;0.25;7.5;6.0;7.75;7.0;0.25;0.0;19877;1000;1;1000
dataset0001;5;0.25;5.25;6.0;5.5;7.0;0.25;0.011178;60105;4000;2;8000
dataset0001;1;1.25;1.5;3.5;2.75;4.5;1.25;0.119866;80287;5500;4;22000
dataset0001;2;1.25;2.5;4.5;3.75;5.5;1.25;0.055898;56467;4500;4;18000
dataset0001;3;1.25;3.5;5.5;4.75;6.5;1.25;0.045716;60323;5000;2;10000
dataset0001;4;1.25;4.5;6.5;5.75;7.5;1.25;0.023592;100140;6500;4;26000
dataset0001;5;1.25;5.5;7.5;6.75;8.5;1.25;0.002776;9963;0;1;0
dataset0001;1;2.25;1.5;6.0;3.75;7.0;2.25;0.019338;80418;4750;4;19000
dataset0001;2;2.25;6.25;6.0;8.5;7.0;2.25;0.01931;79982;6000;3;18000
dataset0001;3;2.25;4.5;3.5;5.5;5.75;2.25;0.075162;119858;9666;6;58000
dataset0001;4;2.25;4.5;7.25;5.5;9.5;2.25;0.02583;100140;6500;4;26000
dataset0001;5;2.15;3.85;6.0;6.0;7.0;2.15;0.093554;120428;9250;4;37000
dataset0001;1;2.5;1.5;3.5;2.5;6.0;2.5;0.094858;100382;7200;5;36000
dataset0001;2;2.5;7.5;3.5;8.5;6.0;2.5;0.09395;99630;6800;5;34000
dataset0001;3;2.5;1.5;7.0;2.5;9.5;2.5;0.0;0;0;1;0
dataset0001;4;2.5;7.5;7.0;8.5;9.5;2.5;0.0;0;0;0;0
dataset0001;5;2.5;4.0;6.0;6.5;7.0;2.5;0.111756;120428;9000;4;36000
dataset0002;1;1.0;2.0;8.0;3.0;9.0;1.0;0.0;0;0;0;0
dataset0002;2;1.0;3.0;7.0;4.0;8.0;1.0;0.00082;13474;333;3;1000
dataset0002;3;1.0;4.0;6.0;5.0;7.0;1.0;0.043782;126516;9625;8;77000
dataset0002;4;1.0;5.0;5.0;6.0;6.0;1.0;3e-05;28494;2000;1;2000
dataset0002;5;1.0;6.0;4.0;7.0;5.0;1.0;0.042058;134201;11666;6;70000
dataset0002;1;0.5;6.5;3.5;7.5;4.0;0.5;0.074568;65795;7500;2;15000
dataset0002;2;0.5;6.5;4.5;7.5;5.0;0.5;0.029588;68406;4750;4;19000
dataset0002;3;0.5;6.5;5.5;7.5;6.0;0.5;0.007846;48509;4500;2;9000
dataset0002;4;0.5;6.5;6.5;7.5;7.0;0.5;0.0;21170;666;3;2000
dataset0002;5;0.5;6.5;7.5;7.5;8.0;0.5;0.0;9219;0;1;0
dataset0002;1;2.0;2.0;4.0;4.0;5.0;2.0;0.092978;174907;14375;8;115000
dataset0002;2;2.0;6.0;4.0;8.0;5.0;2.0;0.09269;174226;14500;8;116000
dataset0002;3;2.0;2.0;8.0;4.0;9.0;2.0;0.0;9514;0;1;0
dataset0002;4;2.0;6.0;8.0;8.0;9.0;2.0;0.0;9219;1000;1;1000
dataset0002;5;2.0;4.5;5.5;5.5;7.5;2.0;0.051528;123925;9875;8;79000
dataset0002;1;1.5;3.5;3.5;4.5;5.0;1.5;0.127744;112513;8800;5;44000
dataset0002;2;1.5;3.5;4.5;4.5;6.0;1.5;0.031442;46398;3333;3;10000
dataset0002;3;1.5;3.5;5.5;4.5;7.0;1.5;0.053052;73801;5400;5;27000
dataset0002;4;1.5;3.5;6.5;4.5;8.0;1.5;0.02583;55057;3800;5;19000
dataset0002;5;1.5;3.5;7.5;4.5;9.0;1.5;0.003074;9514;0;1;0
dataset0002;1;0.75;2.5;8.75;3.5;9.5;0.75;0.0;0;0;0;0
dataset0002;2;0.75;2.5;7.75;3.5;8.5;0.75;0.0;9514;0;1;0
dataset0002;3;0.75;2.5;6.75;3.5;7.5;0.75;0.0;30864;1500;4;6000
dataset0002;4;0.75;2.5;5.75;3.5;6.5;0.75;0.011732;65794;4250;4;17000
dataset0002;5;0.75;2.5;4.75;3.5;5.5;0.75;0.044276;68318;4750;4;19000
dataset0002;1;1.75;5.5;7.75;6.5;9.5;1.75;0.000678;9219;0;1;0
dataset0002;2;1.75;5.5;6.75;6.5;8.5;1.75;0.022342;54584;4000;5;20000
dataset0002;3;1.75;5.5;5.75;6.5;7.5;1.75;0.059084;83078;6000;6;36000
dataset0002;4;1.75;5.5;4.75;6.5;6.5;1.75;0.064668;81255;6800;5;34000
dataset0002;5;1.75;5.5;3.75;6.5;5.5;1.75;0.077372;112345;8800;5;44000
dataset0002;1;0.25;2.25;6.0;2.5;7.0;0.25;0.0;20146;1000;2;2000
dataset0002;2;0.25;2.5;6.0;2.75;7.0;0.25;0.0;20146;1000;2;2000
dataset0002;3;0.25;7.25;6.0;7.5;7.0;0.25;0.0;20041;1000;2;2000
dataset0002;4;0.25;7.5;6.0;7.75;7.0;0.25;0.0;20041;1000;2;2000
dataset0002;5;0.25;5.25;6.0;5.5;7.0;0.25;0.013006;52715;4000;3;12000
dataset0002;1;1.25;1.5;3.5;2.75;4.5;1.25;0.121276;83657;6750;4;27000
dataset0002;2;1.25;2.5;4.5;3.75;5.5;1.25;0.05679;68318;4750;4;19000
dataset0002;3;1.25;3.5;5.5;4.75;6.5;1.25;0.047932;63160;6000;3;18000
dataset0002;4;1.25;4.5;6.5;5.75;7.5;1.25;0.024922;67173;5166;6;31000
dataset0002;5;1.25;5.5;7.5;6.75;8.5;1.25;0.002872;9219;0;1;0
dataset0002;1;2.25;1.5;6.0;3.75;7.0;2.25;0.02033;69728;4200;5;21000
dataset0002;2;2.25;6.25;6.0;8.5;7.0;2.25;0.01963;69679;4200;5;21000
dataset0002;3;2.25;4.5;3.5;5.5;5.75;2.25;0.079972;139428;11166;6;67000
dataset0002;4;2.25;4.5;7.25;5.5;9.5;2.25;0.027104;32210;2500;4;10000
dataset0002;5;2.15;3.85;6.0;6.0;7.0;2.15;0.095678;147660;10300;10;103000
dataset0002;1;2.5;1.5;3.5;2.5;6.0;2.5;0.09749;103777;8400;5;42000
dataset0002;2;2.5;7.5;3.5;8.5;6.0;2.5;0.09623;103174;8200;5;41000
dataset0002;3;2.5;1.5;7.0;2.5;9.5;2.5;0.0;26;0;1;0
dataset0002;4;2.5;7.5;7.0;8.5;9.5;2.5;0.0;26;0;1;0
dataset0002;5;2.5;4.0;6.0;6.5;7.0;2.5;0.113196;147660;10500;10;105000
dataset0003;1;1.0;2.0;8.0;3.0;9.0;1.0;0.0;0;0;0;0
dataset0003;2;1.0;3.0;7.0;4.0;8.0;1.0;0.000664;50666;2000;3;6000
dataset0003;3;1.0;4.0;6.0;5.0;7.0;1.0;0.043302;62253;5000;2;10000
dataset0003;4;1.0;5.0;5.0;6.0;6.0;1.0;0.0;43337;3000;2;6000
dataset0003;5;1.0;6.0;4.0;7.0;5.0;1.0;0.039556;123230;8666;6;52000
dataset0003;1;0.5;6.5;3.5;7.5;4.0;0.5;0.07209;64446;6000;2;12000
dataset0003;2;0.5;6.5;4.5;7.5;5.0;0.5;0.02815;58784;4000;4;16000
dataset0003;3;0.5;6.5;5.5;7.5;6.0;0.5;0.006938;41711;3500;2;7000
dataset0003;4;0.5;6.5;6.5;7.5;7.0;0.5;0.0;40259;1500;2;3000
dataset0003;5;0.5;6.5;7.5;7.5;8.0;0.5;0.0;10003;1000;1;1000
dataset0003;1;2.0;2.0;4.0;4.0;5.0;2.0;0.08845;162789;11875;8;95000
dataset0003;2;2.0;6.0;4.0;8.0;5.0;2.0;0.089046;163595;12125;8;97000
dataset0003;3;2.0;2.0;8.0;4.0;9.0;2.0;0.0;9929;0;1;0
dataset0003;4;2.0;6.0;8.0;8.0;9.0;2.0;0.0;10003;1000;1;1000
dataset0003;5;2.0;4.5;5.5;5.5;7.5;2.0;0.04893;144265;10166;6;61000
dataset0003;1;1.5;3.5;3.5;4.5;5.0;1.5;0.12408;102398;6600;5;33000
dataset0003;2;1.5;3.5;4.5;4.5;6.0;1.5;0.030474;38075;2333;3;7000
dataset0003;3;1.5;3.5;5.5;4.5;7.0;1.5;0.05101;62253;5000;2;10000
dataset0003;4;1.5;3.5;6.5;4.5;8.0;1.5;0.025408;50666;3500;2;7000
dataset0003;5;1.5;3.5;7.5;4.5;9.0;1.5;0.00264;9929;1000;1;1000
dataset0003;1;0.75;2.5;8.75;3.5;9.5;0.75;0.0;0;0;0;0
dataset0003;2;0.75;2.5;7.75;3.5;8.5;0.75;0.0;9929;0;1;0
dataset0003;3;0.75;2.5;6.75;3.5;7.5;0.75;0.0;50666;2333;3;7000
dataset0003;4;0.75;2.5;5.75;3.5;6.5;0.75;0.011;82348;5000;4;20000
dataset0003;5;0.75;2.5;4.75;3.5;5.5;0.75;0.042664;58608;4000;4;16000
dataset0003;1;1.75;5.5;7.75;6.5;9.5;1.75;0.000484;10003;0;1;0
dataset0003;2;1.75;5.5;6.75;6.5;8.5;1.75;0.0197;50262;3000;2;6000
dataset0003;3;1.75;5.5;5.75;6.5;7.5;1.75;0.058018;72083;4666;3;14000
dataset0003;4;1.75;5.5;4.75;6.5;6.5;1.75;0.062652;78522;4750;4;19000
dataset0003;5;1.75;5.5;3.75;6.5;5.5;1.75;0.074488;102451;7200;5;36000
dataset0003;1;0.25;2.25;6.0;2.5;7.0;0.25;0.0;20095;1000;2;2000
dataset0003;2;0.25;2.5;6.0;2.75;7.0;0.25;0.0;20095;1000;2;2000
dataset0003;3;0.25;7.25;6.0;7.5;7.0;0.25;0.0;19890;1000;2;2000
dataset0003;4;0.25;7.5;6.0;7.75;7.0;0.25;0.0;19890;1000;2;2000
dataset0003;5;0.25;5.25;6.0;5.5;7.0;0.25;0.01133;62080;5000;2;10000
dataset0003;1;1.25;1.5;3.5;2.75;4.5;1.25;0.118514;80781;5250;4;21000
dataset0003;2;1.25;2.5;4.5;3.75;5.5;1.25;0.05559;58608;4000;4;16000
dataset0003;3;1.25;3.5;5.5;4.75;6.5;1.25;0.045048;62253;5000;2;10000
dataset0003;4;1.25;4.5;6.5;5.75;7.5;1.25;0.024082;100928;7250;4;29000
dataset0003;5;1.25;5.5;7.5;6.75;8.5;1.25;0.002644;10003;1000;1;1000
dataset0003;1;2.25;1.5;6.0;3.75;7.0;2.25;0.01913;82348;5000;4;20000
dataset0003;2;2.25;6.25;6.0;8.5;7.0;2.25;0.018838;81970;4500;4;18000
dataset0003;3;2.25;4.5;3.5;5.5;5.75;2.25;0.075404;123897;8500;6;51000
dataset0003;4;2.25;4.5;7.25;5.5;9.5;2.25;0.026216;100928;6500;4;26000
dataset0003;5;2.15;3.85;6.0;6.0;7.0;2.15;0.094018;124333;9000;4;36000
dataset0003;1;2.5;1.5;3.5;2.5;6.0;2.5;0.093976;100876;7200;5;36000
dataset0003;2;2.5;7.5;3.5;8.5;6.0;2.5;0.094416;101219;7200;5;36000
dataset0003;3;2.5;1.5;7.0;2.5;9.5;2.5;0.0;0;0;1;0
dataset0003;4;2.5;7.5;7.0;8.5;9.5;2.5;0.0;0;0;1;0
dataset0003;5;2.5;4.0;6.0;6.5;7.0;2.5;0.112082;124333;9000;4;36000
dataset0004;1;1.0;2.0;8.0;3.0;9.0;1.0;0.0;15028;1000;1;1000
dataset0004;2;1.0;3.0;7.0;4.0;8.0;1.0;0.001604;15028;1000;1;1000
dataset0004;3;1.0;4.0;6.0;5.0;7.0;1.0;0.073076;125891;8200;5;41000
dataset0004;4;1.0;5.0;5.0;6.0;6.0;1.0;0.009978;15088;1000;1;1000
dataset0004;5;1.0;6.0;4.0;7.0;5.0;1.0;6.6e-05;15088;1000;1;1000
dataset0004;1;0.5;6.5;3.5;7.5;4.0;0.5;0.0;15088;1000;1;1000
dataset0004;2;0.5;6.5;4.5;7.5;5.0;0.5;6e-06;15088;1000;1;1000
dataset0004;3;0.5;6.5;5.5;7.5;6.0;0.5;0.000402;15088;1000;1;1000
dataset0004;4;0.5;6.5;6.5;7.5;7.0;0.5;0.004402;21293;1000;2;2000
dataset0004;5;0.5;6.5;7.5;7.5;8.0;0.5;0.03368;115433;7750;4;31000
dataset0004;1;2.0;2.0;4.0;4.0;5.0;2.0;0.144628;175634;11142;7;78000
dataset0004;2;2.0;6.0;4.0;8.0;5.0;2.0;6.6e-05;15088;1000;1;1000
dataset0004;3;2.0;2.0;8.0;4.0;9.0;2.0;6e-05;15028;1000;1;1000
dataset0004;4;2.0;6.0;8.0;8.0;9.0;2.0;0.143866;117425;6600;5;33000
dataset0004;5;2.0;4.5;5.5;5.5;7.5;2.0;0.131494;133702;8833;6;53000
dataset0004;1;1.5;3.5;3.5;4.5;5.0;1.5;0.01706;65837;3333;3;10000
dataset0004;2;1.5;3.5;4.5;4.5;6.0;1.5;0.11176;117665;6800;5;34000
dataset0004;3;1.5;3.5;5.5;4.5;7.0;1.5;0.08821;118819;6800;5;34000
dataset0004;4;1.5;3.5;6.5;4.5;8.0;1.5;0.012292;15028;1000;1;1000
dataset0004;5;1.5;3.5;7.5;4.5;9.0;1.5;0.001364;15028;1000;1;1000
dataset0004;1;0.75;2.5;8.75;3.5;9.5;0.75;0.0;15028;1000;1;1000
dataset0004;2;0.75;2.5;7.75;3.5;8.5;0.75;2.4e-05;15028;1000;1;1000
dataset0004;3;0.75;2.5;6.75;3.5;7.5;0.75;0.000938;15028;1000;1;1000
dataset0004;4;0.75;2.5;5.75;3.5;6.5;0.75;0.008242;36431;2000;3;6000
dataset0004;5;0.75;2.5;4.75;3.5;5.5;0.75;0.064856;115931;7500;4;30000
dataset0004;1;1.75;5.5;7.75;6.5;9.5;1.75;0.027888;65769;3333;3;10000
dataset0004;2;1.75;5.5;6.75;6.5;8.5;1.75;0.125296;117411;6200;5;31000
dataset0004;3;1.75;5.5;5.75;6.5;7.5;1.75;0.090604;118692;6800;5;34000
dataset0004;4;1.75;5.5;4.75;6.5;6.5;1.75;0.01286;66730;3333;3;10000
dataset0004;5;1.75;5.5;3.75;6.5;5.5;1.75;0.001456;15088;1000;1;1000
dataset0004;1;0.25;2.25;6.0;2.5;7.0;0.25;0.000322;28688;2000;2;4000
dataset0004;2;0.25;2.5;6.0;2.75;7.0;0.25;0.000608;28688;2000;2;4000
dataset0004;3;0.25;7.25;6.0;7.5;7.0;0.25;0.000702;28686;2000;2;4000
dataset0004;4;0.25;7.5;6.0;7.75;7.0;0.25;0.000368;28686;2000;2;4000
dataset0004;5;0.25;5.25;6.0;5.5;7.0;0.25;0.026724;59035;3500;2;7000
dataset0004;1;1.25;1.5;3.5;2.75;4.5;1.25;0.127742;103910;6500;4;26000
dataset0004;2;1.25;2.5;4.5;3.75;5.5;1.25;0.121998;115931;8000;4;32000
dataset0004;3;1.25;3.5;5.5;4.75;6.5;1.25;0.107712;118819;6600;5;33000
dataset0004;4;1.25;4.5;6.5;5.75;7.5;1.25;0.09297;66756;3666;3;11000
dataset0004;5;1.25;5.5;7.5;6.75;8.5;1.25;0.078474;123214;7400;5;37000
dataset0004;1;2.25;1.5;6.0;3.75;7.0;2.25;0.010264;36431;2333;3;7000
dataset0004;2;2.25;6.25;6.0;8.5;7.0;2.25;0.010252;36381;2666;3;8000
dataset0004;3;2.25;4.5;3.5;5.5;5.75;2.25;0.014744;80820;4500;4;18000
dataset0004;4;2.25;4.5;7.25;5.5;9.5;2.25;0.015068;36616;2666;3;8000
dataset0004;5;2.15;3.85;6.0;6.0;7.0;2.15;0.149432;133586;8666;6;52000
dataset0004;1;2.5;1.5;3.5;2.5;6.0;2.5;0.126856;117570;6600;5;33000
dataset0004;2;2.5;7.5;3.5;8.5;6.0;2.5;2.4e-05;15088;1000;1;1000
dataset0004;3;2.5;1.5;7.0;2.5;9.5;2.5;2.6e-05;15028;1000;1;1000
dataset0004;4;2.5;7.5;7.0;8.5;9.5;2.5;0.126476;117216;6800;5;34000
dataset0004;5;2.5;4.0;6.0;6.5;7.0;2.5;0.154756;133586;8833;6;53000
dataset0005;1;1.0;2.0;8.0;3.0;9.0;1.0;2e-06;16451;2000;1;2000
dataset0005;2;1.0;3.0;7.0;4.0;8.0;1.0;0.001684;16451;1000;1;1000
dataset0005;3;1.0;4.0;6.0;5.0;7.0;1.0;0.076988;133663;9800;5;49000
dataset0005;4;1.0;5.0;5.0;6.0;6.0;1.0;0.010084;16315;2000;1;2000
dataset0005;5;1.0;6.0;4.0;7.0;5.0;1.0;5.2e-05;16315;1000;1;1000
dataset0005;1;0.5;6.5;3.5;7.5;4.0;0.5;0.0;16315;2000;1;2000
dataset0005;2;0.5;6.5;4.5;7.5;5.0;0.5;6e-06;16315;1000;1;1000
dataset0005;3;0.5;6.5;5.5;7.5;6.0;0.5;0.000378;16315;1000;1;1000
dataset0005;4;0.5;6.5;6.5;7.5;7.0;0.5;0.004716;24207;1500;2;3000
dataset0005;5;0.5;6.5;7.5;7.5;8.0;0.5;0.036328;60874;4500;2;9000
dataset0005;1;2.0;2.0;4.0;4.0;5.0;2.0;0.148086;183735;14428;7;101000
dataset0005;2;2.0;6.0;4.0;8.0;5.0;2.0;5.2e-05;16315;1000;1;1000
dataset0005;3;2.0;2.0;8.0;4.0;9.0;2.0;7.2e-05;16451;2000;1;2000
dataset0005;4;2.0;6.0;8.0;8.0;9.0;2.0;0.14762;184038;15714;7;110000
dataset0005;5;2.0;4.5;5.5;5.5;7.5;2.0;0.136244;143318;11666;6;70000
dataset0005;1;1.5;3.5;3.5;4.5;5.0;1.5;0.018046;70594;4666;3;14000
dataset0005;2;1.5;3.5;4.5;4.5;6.0;1.5;0.115508;125666;8600;5;43000
dataset0005;3;1.5;3.5;5.5;4.5;7.0;1.5;0.092044;126590;8600;5;43000
dataset0005;4;1.5;3.5;6.5;4.5;8.0;1.5;0.012752;16451;1000;1;1000
dataset0005;5;1.5;3.5;7.5;4.5;9.0;1.5;0.001388;16451;1000;1;1000
dataset0005;1;0.75;2.5;8.75;3.5;9.5;0.75;0.0;16451;1000;1;1000
dataset0005;2;0.75;2.5;7.75;3.5;8.5;0.75;2.6e-05;16451;1000;1;1000
dataset0005;3;0.75;2.5;6.75;3.5;7.5;0.75;0.000916;16451;1000;1;1000
dataset0005;4;0.75;2.5;5.75;3.5;6.5;0.75;0.008958;40800;4000;3;12000
dataset0005;5;0.75;2.5;4.75;3.5;5.5;0.75;0.067412;122148;9000;4;36000
dataset0005;1;1.75;5.5;7.75;6.5;9.5;1.75;0.030484;70846;5000;3;15000
dataset0005;2;1.75;5.5;6.75;6.5;8.5;1.75;0.129748;125844;8800;5;44000
dataset0005;3;1.75;5.5;5.75;6.5;7.5;1.75;0.09447;126626;9400;5;47000
dataset0005;4;1.75;5.5;4.75;6.5;6.5;1.75;0.01316;71313;4333;3;13000
dataset0005;5;1.75;5.5;3.75;6.5;5.5;1.75;0.001412;16315;1000;1;1000
dataset0005;1;0.25;2.25;6.0;2.5;7.0;0.25;0.000406;31527;3000;2;6000
dataset0005;2;0.25;2.5;6.0;2.75;7.0;0.25;0.000668;31527;3000;2;6000
dataset0005;3;0.25;7.25;6.0;7.5;7.0;0.25;0.000696;31349;3000;2;6000
dataset0005;4;0.25;7.5;6.0;7.75;7.0;0.25;0.000406;31349;3000;2;6000
dataset0005;5;0.25;5.25;6.0;5.5;7.0;0.25;0.030014;62140;4500;2;9000
dataset0005;1;1.25;1.5;3.5;2.75;4.5;1.25;0.128984;107520;7750;4;31000
dataset0005;2;1.25;2.5;4.5;3.75;5.5;1.25;0.12516;122148;10500;4;42000
dataset0005;3;1.25;3.5;5.5;4.75;6.5;1.25;0.11151;126590;9200;5;46000
dataset0005;4;1.25;4.5;6.5;5.75;7.5;1.25;0.095486;71749;5333;3;16000
dataset0005;5;1.25;5.5;7.5;6.75;8.5;1.25;0.08105;70846;4666;3;14000
dataset0005;1;2.25;1.5;6.0;3.75;7.0;2.25;0.010796;40800;3666;3;11000
dataset0005;2;2.25;6.25;6.0;8.5;7.0;2.25;0.010756;40522;3333;3;10000
dataset0005;3;2.25;4.5;3.5;5.5;5.75;2.25;0.015682;87096;6750;4;27000
dataset0005;4;2.25;4.5;7.25;5.5;9.5;2.25;0.015558;87282;6000;4;24000
dataset0005;5;2.15;3.85;6.0;6.0;7.0;2.15;0.153508;142836;10666;6;64000
dataset0005;1;2.5;1.5;3.5;2.5;6.0;2.5;0.128566;122596;8800;5;44000
dataset0005;2;2.5;7.5;3.5;8.5;6.0;2.5;2.4e-05;16315;1000;1;1000
dataset0005;3;2.5;1.5;7.0;2.5;9.5;2.5;2.6e-05;16451;1000;1;1000
dataset0005;4;2.5;7.5;7.0;8.5;9.5;2.5;0.129176;122665;7800;5;39000
dataset0005;5;2.5;4.0;6.0;6.5;7.0;2.5;0.158814;142836;10666;6;64000
dataset0006;1;1.0;2.0;8.0;3.0;9.0;1.0;4e-06;15067;1000;1;1000
dataset0006;2;1.0;3.0;7.0;4.0;8.0;1.0;0.001624;15067;1000;1;1000
dataset0006;3;1.0;4.0;6.0;5.0;7.0;1.0;0.073784;67256;4333;3;13000
dataset0006;4;1.0;5.0;5.0;6.0;6.0;1.0;0.010056;67299;3666;3;11000
dataset0006;5;1.0;6.0;4.0;7.0;5.0;1.0;7.2e-05;15190;1000;1;1000
dataset0006;1;0.5;6.5;3.5;7.5;4.0;0.5;0.0;15190;1000;1;1000
dataset0006;2;0.5;6.5;4.5;7.5;5.0;0.5;6e-06;15190;1000;1;1000
dataset0006;3;0.5;6.5;5.5;7.5;6.0;0.5;0.000358;15190;1000;1;1000
dataset0006;4;0.5;6.5;6.5;7.5;7.0;0.5;0.00448;36964;2666;3;8000
dataset0006;5;0.5;6.5;7.5;7.5;8.0;0.5;0.033972;57884;4500;2;9000
dataset0006;1;2.0;2.0;4.0;4.0;5.0;2.0;0.144186;175507;11571;7;81000
dataset0006;2;2.0;6.0;4.0;8.0;5.0;2.0;7.2e-05;15190;1000;1;1000
dataset0006;3;2.0;2.0;8.0;4.0;9.0;2.0;6.6e-05;15067;1000;1;1000
dataset0006;4;2.0;6.0;8.0;8.0;9.0;2.0;0.1448;175603;11571;7;81000
dataset0006;5;2.0;4.5;5.5;5.5;7.5;2.0;0.132734;134197;8833;6;53000
dataset0006;1;1.5;3.5;3.5;4.5;5.0;1.5;0.016846;65396;3666;3;11000
dataset0006;2;1.5;3.5;4.5;4.5;6.0;1.5;0.111126;117585;7400;5;37000
dataset0006;3;1.5;3.5;5.5;4.5;7.0;1.5;0.088464;119013;7200;5;36000
dataset0006;4;1.5;3.5;6.5;4.5;8.0;1.5;0.01234;67256;4000;3;12000
dataset0006;5;1.5;3.5;7.5;4.5;9.0;1.5;0.001384;15067;1000;1;1000
dataset0006;1;0.75;2.5;8.75;3.5;9.5;0.75;0.0;15067;1000;1;1000
dataset0006;2;0.75;2.5;7.75;3.5;8.5;0.75;3.8e-05;15067;1000;1;1000
dataset0006;3;0.75;2.5;6.75;3.5;7.5;0.75;0.000918;15067;1000;1;1000
dataset0006;4;0.75;2.5;5.75;3.5;6.5;0.75;0.008378;21804;1500;2;3000
dataset0006;5;0.75;2.5;4.75;3.5;5.5;0.75;0.064156;115693;8500;4;34000
dataset0006;1;1.75;5.5;7.75;6.5;9.5;1.75;0.027538;65567;3666;3;11000
dataset0006;2;1.75;5.5;6.75;6.5;8.5;1.75;0.124576;117435;7200;5;36000
dataset0006;3;1.75;5.5;5.75;6.5;7.5;1.75;0.090338;118723;7000;5;35000
dataset0006;4;1.75;5.5;4.75;6.5;6.5;1.75;0.012582;15190;1000;1;1000
dataset0006;5;1.75;5.5;3.75;6.5;5.5;1.75;0.001384;15190;1000;1;1000
dataset0006;1;0.25;2.25;6.0;2.5;7.0;0.25;0.000358;29043;2500;2;5000
dataset0006;2;0.25;2.5;6.0;2.75;7.0;0.25;0.000656;29043;2000;2;4000
dataset0006;3;0.25;7.25;6.0;7.5;7.0;0.25;0.000708;29168;2000;2;4000
dataset0006;4;0.25;7.5;6.0;7.75;7.0;0.25;0.000444;29168;2000;2;4000
dataset0006;5;0.25;5.25;6.0;5.5;7.0;0.25;0.026686;59262;5000;2;10000
dataset0006;1;1.25;1.5;3.5;2.75;4.5;1.25;0.128158;103883;6000;4;24000
dataset0006;2;1.25;2.5;4.5;3.75;5.5;1.25;0.121118;115693;8250;4;33000
dataset0006;3;1.25;3.5;5.5;4.75;6.5;1.25;0.108056;103946;6000;4;24000
dataset0006;4;1.25;4.5;6.5;5.75;7.5;1.25;0.09326;126449;9000;5;45000
dataset0006;5;1.25;5.5;7.5;6.75;8.5;1.25;0.077724;65567;4333;3;13000
dataset0006;1;2.25;1.5;6.0;3.75;7.0;2.25;0.010102;36871;2666;3;8000
dataset0006;2;2.25;6.25;6.0;8.5;7.0;2.25;0.010326;36964;2666;3;8000
dataset0006;3;2.25;4.5;3.5;5.5;5.75;2.25;0.014894;80938;5000;4;20000
dataset0006;4;2.25;4.5;7.25;5.5;9.5;2.25;0.015212;80800;5000;4;20000
dataset0006;5;2.15;3.85;6.0;6.0;7.0;2.15;0.150324;134314;9333;6;56000
dataset0006;1;2.5;1.5;3.5;2.5;6.0;2.5;0.126992;117859;7400;5;37000
dataset0006;2;2.5;7.5;3.5;8.5;6.0;2.5;1.8e-05;15190;1000;1;1000
dataset0006;3;2.5;1.5;7.0;2.5;9.5;2.5;2e-05;15067;1000;1;1000
dataset0006;4;2.5;7.5;7.0;8.5;9.5;2.5;0.126038;117795;6800;5;34000
dataset0006;5;2.5;4.0;6.0;6.5;7.0;2.5;0.155484;134314;8666;6;52000
dataset0007;1;1.0;2.0;8.0;3.0;9.0;1.0;0.00639;12946;0;1;0
dataset0007;2;1.0;3.0;7.0;4.0;8.0;1.0;0.005882;39330;2200;5;11000
dataset0007;3;1.0;4.0;6.0;5.0;7.0;1.0;0.007666;58284;4250;4;17000
dataset0007;4;1.0;5.0;5.0;6.0;6.0;1.0;0.022298;12757;0;1;0
dataset0007;5;1.0;6.0;4.0;7.0;5.0;1.0;0.006506;39029;2200;5;11000
dataset0007;1;0.5;6.5;3.5;7.5;4.0;0.5;0.01606;20970;1000;2;2000
dataset0007;2;0.5;6.5;4.5;7.5;5.0;0.5;0.001882;30806;1500;4;6000
dataset0007;3;0.5;6.5;5.5;7.5;6.0;0.5;0.000938;16013;500;2;1000
dataset0007;4;0.5;6.5;6.5;7.5;7.0;0.5;0.003908;20129;1000;1;1000
dataset0007;5;0.5;6.5;7.5;7.5;8.0;0.5;0.000422;20129;1000;1;1000
dataset0007;1;2.0;2.0;4.0;4.0;5.0;2.0;0.053506;299143;14555;9;131000
dataset0007;2;2.0;6.0;4.0;8.0;5.0;2.0;0.009186;39029;2200;5;11000
dataset0007;3;2.0;2.0;8.0;4.0;9.0;2.0;0.011648;16259;500;2;1000
dataset0007;4;2.0;6.0;8.0;8.0;9.0;2.0;0.001946;20129;1000;1;1000
dataset0007;5;2.0;4.5;5.5;5.5;7.5;2.0;0.0241;58284;4000;4;16000
dataset0007;1;1.5;3.5;3.5;4.5;5.0;1.5;0.039548;63924;3000;5;15000
dataset0007;2;1.5;3.5;4.5;4.5;6.0;1.5;0.010608;23185;666;3;2000
dataset0007;3;1.5;3.5;5.5;4.5;7.0;1.5;0.009352;25398;1000;2;2000
dataset0007;4;1.5;3.5;6.5;4.5;8.0;1.5;0.009784;15948;500;2;1000
dataset0007;5;1.5;3.5;7.5;4.5;9.0;1.5;0.002742;15948;500;2;1000
dataset0007;1;0.75;2.5;8.75;3.5;9.5;0.75;0.001214;16259;500;2;1000
dataset0007;2;0.75;2.5;7.75;3.5;8.5;0.75;0.004872;30965;1250;4;5000
dataset0007;3;0.75;2.5;6.75;3.5;7.5;0.75;0.007832;23071;666;3;2000
dataset0007;4;0.75;2.5;5.75;3.5;6.5;0.75;0.008812;35805;1750;4;7000
dataset0007;5;0.75;2.5;4.75;3.5;5.5;0.75;0.018774;37564;2250;4;9000
dataset0007;1;1.75;5.5;7.75;6.5;9.5;1.75;0.001686;20129;1000;1;1000
dataset0007;2;1.75;5.5;6.75;6.5;8.5;1.75;0.00374;20129;1000;1;1000
dataset0007;3;1.75;5.5;5.75;6.5;7.5;1.75;0.007556;32886;2500;2;5000
dataset0007;4;1.75;5.5;4.75;6.5;6.5;1.75;0.007968;43134;2250;4;9000
dataset0007;5;1.75;5.5;3.75;6.5;5.5;1.75;0.015312;64209;3200;5;16000
dataset0007;1;0.25;2.25;6.0;2.5;7.0;0.25;0.010628;51335;2250;4;9000
dataset0007;2;0.25;2.5;6.0;2.75;7.0;0.25;0.003334;10407;0;2;0
dataset0007;3;0.25;7.25;6.0;7.5;7.0;0.25;0.0003;23385;500;2;1000
dataset0007;4;0.25;7.5;6.0;7.75;7.0;0.25;0.000626;23385;500;2;1000
dataset0007;5;0.25;5.25;6.0;5.5;7.0;0.25;0.003156;32886;2000;2;4000
dataset0007;1;1.25;1.5;3.5;2.75;4.5;1.25;0.374142;204641;10000;4;40000
dataset0007;2;1.25;2.5;4.5;3.75;5.5;1.25;0.025924;37564;2250;4;9000
dataset0007;3;1.25;3.5;5.5;4.75;6.5;1.25;0.004162;25398;1000;2;2000
dataset0007;4;1.25;4.5;6.5;5.75;7.5;1.25;0.020686;32764;2000;2;4000
dataset0007;5;1.25;5.5;7.5;6.75;8.5;1.25;0.001856;20129;1000;1;1000
dataset0007;1;2.25;1.5;6.0;3.75;7.0;2.25;0.09831;76733;4666;6;28000
dataset0007;2;2.25;6.25;6.0;8.5;7.0;2.25;0.005912;36142;1333;3;4000
dataset0007;3;2.25;4.5;3.5;5.5;5.75;2.25;0.096494;76874;4666;6;28000
dataset0007;4;2.25;4.5;7.25;5.5;9.5;2.25;0.009122;36077;1333;3;4000
dataset0007;5;2.15;3.85;6.0;6.0;7.0;2.15;0.024142;58284;4000;4;16000
dataset0007;1;2.5;1.5;3.5;2.5;6.0;2.5;0.464728;255614;11625;8;93000
dataset0007;2;2.5;7.5;3.5;8.5;6.0;2.5;0.006538;16003;500;2;1000
dataset0007;3;2.5;1.5;7.0;2.5;9.5;2.5;0.045834;64146;3200;5;16000
dataset0007;4;2.5;7.5;7.0;8.5;9.5;2.5;0.000666;20129;1000;1;1000
dataset0007;5;2.5;4.0;6.0;6.5;7.0;2.5;0.025086;58284;4000;4;16000
dataset0008;1;1.0;2.0;8.0;3.0;9.0;1.0;0.006414;12862;1000;1;1000
dataset0008;2;1.0;3.0;7.0;4.0;8.0;1.0;0.006272;41472;2800;5;14000
dataset0008;3;1.0;4.0;6.0;5.0;7.0;1.0;0.00927;62219;5250;4;21000
dataset0008;4;1.0;5.0;5.0;6.0;6.0;1.0;0.022908;13729;1000;1;1000
dataset0008;5;1.0;6.0;4.0;7.0;5.0;1.0;0.007334;41980;2600;5;13000
dataset0008;1;0.5;6.5;3.5;7.5;4.0;0.5;0.016284;22458;1500;2;3000
dataset0008;2;0.5;6.5;4.5;7.5;5.0;0.5;0.002238;32372;1750;4;7000
dataset0008;3;0.5;6.5;5.5;7.5;6.0;0.5;0.001094;17043;500;2;1000
dataset0008;4;0.5;6.5;6.5;7.5;7.0;0.5;0.004096;20063;2000;1;2000
dataset0008;5;0.5;6.5;7.5;7.5;8.0;0.5;0.000584;20063;1000;1;1000
dataset0008;1;2.0;2.0;4.0;4.0;5.0;2.0;0.057482;306795;17222;9;155000
dataset0008;2;2.0;6.0;4.0;8.0;5.0;2.0;0.01014;41980;2800;5;14000
dataset0008;3;2.0;2.0;8.0;4.0;9.0;2.0;0.011516;16347;500;2;1000
dataset0008;4;2.0;6.0;8.0;8.0;9.0;2.0;0.002006;20063;2000;1;2000
dataset0008;5;2.0;4.5;5.5;5.5;7.5;2.0;0.024176;62219;5250;4;21000
dataset0008;1;1.5;3.5;3.5;4.5;5.0;1.5;0.04166;71102;4200;5;21000
dataset0008;2;1.5;3.5;4.5;4.5;6.0;1.5;0.011462;25731;1333;3;4000
dataset0008;3;1.5;3.5;5.5;4.5;7.0;1.5;0.009966;28427;2000;2;4000
dataset0008;4;1.5;3.5;6.5;4.5;8.0;1.5;0.010512;17682;500;2;1000
dataset0008;5;1.5;3.5;7.5;4.5;9.0;1.5;0.002896;17682;500;2;1000
dataset0008;1;0.75;2.5;8.75;3.5;9.5;0.75;0.001244;16347;500;2;1000
dataset0008;2;0.75;2.5;7.75;3.5;8.5;0.75;0.00483;32844;1750;4;7000
dataset0008;3;0.75;2.5;6.75;3.5;7.5;0.75;0.00843;25125;1333;3;4000
dataset0008;4;0.75;2.5;5.75;3.5;6.5;0.75;0.010298;39479;2500;4;10000
dataset0008;5;0.75;2.5;4.75;3.5;5.5;0.75;0.019744;40208;3250;4;13000
dataset0008;1;1.75;5.5;7.75;6.5;9.5;1.75;0.00177;20063;2000;1;2000
dataset0008;2;1.75;5.5;6.75;6.5;8.5;1.75;0.003896;20063;2000;1;2000
dataset0008;3;1.75;5.5;5.75;6.5;7.5;1.75;0.007846;33792;3500;2;7000
dataset0008;4;1.75;5.5;4.75;6.5;6.5;1.75;0.008588;44875;3250;4;13000
dataset0008;5;1.75;5.5;3.75;6.5;5.5;1.75;0.015988;68335;4600;5;23000
dataset0008;1;0.25;2.25;6.0;2.5;7.0;0.25;0.010676;53588;3250;4;13000
dataset0008;2;0.25;2.5;6.0;2.75;7.0;0.25;0.004044;11052;500;2;1000
dataset0008;3;0.25;7.25;6.0;7.5;7.0;0.25;0.000408;23377;1000;2;2000
dataset0008;4;0.25;7.5;6.0;7.75;7.0;0.25;0.000646;23377;1000;2;2000
dataset0008;5;0.25;5.25;6.0;5.5;7.0;0.25;0.003442;33792;3000;2;6000
dataset0008;1;1.25;1.5;3.5;2.75;4.5;1.25;0.37486;208846;13250;4;53000
dataset0008;2;1.25;2.5;4.5;3.75;5.5;1.25;0.02713;40208;3500;4;14000
dataset0008;3;1.25;3.5;5.5;4.75;6.5;1.25;0.004902;28427;2000;2;4000
dataset0008;4;1.25;4.5;6.5;5.75;7.5;1.25;0.020592;34260;2500;2;5000
dataset0008;5;1.25;5.5;7.5;6.75;8.5;1.25;0.002004;20063;2000;1;2000
dataset0008;1;2.25;1.5;6.0;3.75;7.0;2.25;0.099042;82015;5333;6;32000
dataset0008;2;2.25;6.25;6.0;8.5;7.0;2.25;0.006094;37106;2333;3;7000
dataset0008;3;2.25;4.5;3.5;5.5;5.75;2.25;0.09721;85329;5666;6;34000
dataset0008;4;2.25;4.5;7.25;5.5;9.5;2.25;0.00893;37745;2666;3;8000
dataset0008;5;2.15;3.85;6.0;6.0;7.0;2.15;0.0243;62219;5250;4;21000
dataset0008;1;2.5;1.5;3.5;2.5;6.0;2.5;0.466404;262030;13000;8;104000
dataset0008;2;2.5;7.5;3.5;8.5;6.0;2.5;0.00642;16164;500;2;1000
dataset0008;3;2.5;1.5;7.0;2.5;9.5;2.5;0.04633;65864;3800;5;19000
dataset0008;4;2.5;7.5;7.0;8.5;9.5;2.5;0.000638;20063;2000;1;2000
dataset0008;5;2.5;4.0;6.0;6.5;7.0;2.5;0.025054;62219;5250;4;21000
dataset0009;1;1.0;2.0;8.0;3.0;9.0;1.0;0.006386;12772;1000;1;1000
dataset0009;2;1.0;3.0;7.0;4.0;8.0;1.0;0.00609;39144;2000;5;10000
dataset0009;3;1.0;4.0;6.0;5.0;7.0;1.0;0.007596;58879;4250;4;17000
dataset0009;4;1.0;5.0;5.0;6.0;6.0;1.0;0.022178;12976;1000;1;1000
dataset0009;5;1.0;6.0;4.0;7.0;5.0;1.0;0.006542;39164;2200;5;11000
dataset0009;1;0.5;6.5;3.5;7.5;4.0;0.5;0.01601;20928;1500;2;3000
dataset0009;2;0.5;6.5;4.5;7.5;5.0;0.5;0.00186;31032;1250;4;5000
dataset0009;3;0.5;6.5;5.5;7.5;6.0;0.5;0.001012;16126;500;2;1000
dataset0009;4;0.5;6.5;6.5;7.5;7.0;0.5;0.004016;20184;1000;1;1000
dataset0009;5;0.5;6.5;7.5;7.5;8.0;0.5;0.000416;20184;1000;1;1000
dataset0009;1;2.0;2.0;4.0;4.0;5.0;2.0;0.052726;299399;14333;9;129000
dataset0009;2;2.0;6.0;4.0;8.0;5.0;2.0;0.009222;39164;2000;5;10000
dataset0009;3;2.0;2.0;8.0;4.0;9.0;2.0;0.011444;15976;500;2;1000
dataset0009;4;2.0;6.0;8.0;8.0;9.0;2.0;0.00196;20184;2000;1;2000
dataset0009;5;2.0;4.5;5.5;5.5;7.5;2.0;0.023652;58879;4250;4;17000
dataset0009;1;1.5;3.5;3.5;4.5;5.0;1.5;0.03954;64189;3400;5;17000
dataset0009;2;1.5;3.5;4.5;4.5;6.0;1.5;0.011016;23054;1000;3;3000
dataset0009;3;1.5;3.5;5.5;4.5;7.0;1.5;0.009548;25719;2000;2;4000
dataset0009;4;1.5;3.5;6.5;4.5;8.0;1.5;0.009918;16185;500;2;1000
dataset0009;5;1.5;3.5;7.5;4.5;9.0;1.5;0.00267;16185;500;2;1000
dataset0009;1;0.75;2.5;8.75;3.5;9.5;0.75;0.00117;15976;500;2;1000
dataset0009;2;0.75;2.5;7.75;3.5;8.5;0.75;0.004748;31023;1000;4;4000
dataset0009;3;0.75;2.5;6.75;3.5;7.5;0.75;0.008054;23168;1000;3;3000
dataset0009;4;0.75;2.5;5.75;3.5;6.5;0.75;0.00831;35834;2000;4;8000
dataset0009;5;0.75;2.5;4.75;3.5;5.5;0.75;0.018584;37210;2250;4;9000
dataset0009;1;1.75;5.5;7.75;6.5;9.5;1.75;0.001676;20184;2000;1;2000
dataset0009;2;1.75;5.5;6.75;6.5;8.5;1.75;0.00387;20184;1000;1;1000
dataset0009;3;1.75;5.5;5.75;6.5;7.5;1.75;0.007696;33160;2500;2;5000
dataset0009;4;1.75;5.5;4.75;6.5;6.5;1.75;0.008046;43553;2250;4;9000
dataset0009;5;1.75;5.5;3.75;6.5;5.5;1.75;0.015428;64055;3400;5;17000
dataset0009;1;0.25;2.25;6.0;2.5;7.0;0.25;0.010174;50771;2000;4;8000
dataset0009;2;0.25;2.5;6.0;2.75;7.0;0.25;0.003378;10115;0;2;0
dataset0009;3;0.25;7.25;6.0;7.5;7.0;0.25;0.000316;23334;1000;2;2000
dataset0009;4;0.25;7.5;6.0;7.75;7.0;0.25;0.0006;23334;1000;2;2000
dataset0009;5;0.25;5.25;6.0;5.5;7.0;0.25;0.002912;33160;2500;2;5000
dataset0009;1;1.25;1.5;3.5;2.75;4.5;1.25;0.36694;204653;11250;4;45000
dataset0009;2;1.25;2.5;4.5;3.75;5.5;1.25;0.025796;37210;2250;4;9000
dataset0009;3;1.25;3.5;5.5;4.75;6.5;1.25;0.004034;25719;2000;2;4000
dataset0009;4;1.25;4.5;6.5;5.75;7.5;1.25;0.020166;33165;2000;2;4000
dataset0009;5;1.25;5.5;7.5;6.75;8.5;1.25;0.001852;20184;1000;1;1000
dataset0009;1;2.25;1.5;6.0;3.75;7.0;2.25;0.096892;76490;4333;6;26000
dataset0009;2;2.25;6.25;6.0;8.5;7.0;2.25;0.006138;36310;1666;3;5000
dataset0009;3;2.25;4.5;3.5;5.5;5.75;2.25;0.09551;76922;4333;6;26000
dataset0009;4;2.25;4.5;7.25;5.5;9.5;2.25;0.009108;36369;1666;3;5000
dataset0009;5;2.15;3.85;6.0;6.0;7.0;2.15;0.023876;58879;4250;4;17000
dataset0009;1;2.5;1.5;3.5;2.5;6.0;2.5;0.457948;255777;12125;8;97000
dataset0009;2;2.5;7.5;3.5;8.5;6.0;2.5;0.006506;15946;500;2;1000
dataset0009;3;2.5;1.5;7.0;2.5;9.5;2.5;0.045486;63637;3400;5;17000
dataset0009;4;2.5;7.5;7.0;8.5;9.5;2.5;0.000666;20184;1000;1;1000
dataset0009;5;2.5;4.0;6.0;6.5;7.0;2.5;0.024844;58879;4250;4;17000
dataset0010;1;1.0;2.0;8.0;3.0;9.0;1.0;1.2e-05;86;0;1;0
dataset0010;2;1.0;3.0;7.0;4.0;8.0;1.0;0.014626;36149;1400;5;7000
dataset0010;3;1.0;4.0;6.0;5.0;7.0;1.0;0.25225;312054;23500;6;141000
dataset0010;4;1.0;5.0;5.0;6.0;6.0;1.0;0.083528;114129;5600;5;28000
dataset0010;5;1.0;6.0;4.0;7.0;5.0;1.0;0.000458;2443;0;2;0
dataset0010;1;0.5;6.5;3.5;7.5;4.0;0.5;0.0;2443;0;2;0
dataset0010;2;0.5;6.5;4.5;7.5;5.0;0.5;8.8e-05;2443;0;2;0
dataset0010;3;0.5;6.5;5.5;7.5;6.0;0.5;0.002596;30477;1000;3;3000
dataset0010;4;0.5;6.5;6.5;7.5;7.0;0.5;0.004632;27395;1000;2;2000
dataset0010;5;0.5;6.5;7.5;7.5;8.0;0.5;0.000596;16750;750;4;3000
dataset0010;1;2.0;2.0;4.0;4.0;5.0;2.0;0.000448;2254;0;2;0
dataset0010;2;2.0;6.0;4.0;8.0;5.0;2.0;0.000474;2443;0;2;0
dataset0010;3;2.0;2.0;8.0;4.0;9.0;2.0;0.000454;4150;0;2;0
dataset0010;4;2.0;6.0;8.0;8.0;9.0;2.0;0.00041;4441;0;2;0
dataset0010;5;2.0;4.5;5.5;5.5;7.5;2.0;0.475682;361008;26875;8;215000
dataset0010;1;1.5;3.5;3.5;4.5;5.0;1.5;0.001392;2205;0;1;0
dataset0010;2;1.5;3.5;4.5;4.5;6.0;1.5;0.044982;107831;5000;5;25000
dataset0010;3;1.5;3.5;5.5;4.5;7.0;1.5;0.16575;197057;12333;6;74000
dataset0010;4;1.5;3.5;6.5;4.5;8.0;1.5;0.108702;128845;7000;5;35000
dataset0010;5;1.5;3.5;7.5;4.5;9.0;1.5;0.010564;37414;1666;3;5000
dataset0010;1;0.75;2.5;8.75;3.5;9.5;0.75;2e-06;4150;0;2;0
dataset0010;2;0.75;2.5;7.75;3.5;8.5;0.75;0.00027;14941;500;4;2000
dataset0010;3;0.75;2.5;6.75;3.5;7.5;0.75;0.004698;31999;1000;3;3000
dataset0010;4;0.75;2.5;5.75;3.5;6.5;0.75;0.006222;51036;2400;5;12000
dataset0010;5;0.75;2.5;4.75;3.5;5.5;0.75;0.000676;10145;0;4;0
dataset0010;1;1.75;5.5;7.75;6.5;9.5;1.75;0.00406;40025;2000;3;6000
dataset0010;2;1.75;5.5;6.75;6.5;8.5;1.75;0.074808;137276;7800;5;39000
dataset0010;3;1.75;5.5;5.75;6.5;7.5;1.75;0.186852;244698;16125;8;129000
dataset0010;4;1.75;5.5;4.75;6.5;6.5;1.75;0.110156;211380;11285;7;79000
dataset0010;5;1.75;5.5;3.75;6.5;5.5;1.75;0.010666;27511;1000;3;3000
dataset0010;1;0.25;2.25;6.0;2.5;7.0;0.25;9.2e-05;5175;0;2;0
dataset0010;2;0.25;2.5;6.0;2.75;7.0;0.25;0.000274;5175;0;2;0
dataset0010;3;0.25;7.25;6.0;7.5;7.0;0.25;0.0003;6404;0;2;0
dataset0010;4;0.25;7.5;6.0;7.75;7.0;0.25;9.2e-05;6404;0;2;0
dataset0010;5;0.25;5.25;6.0;5.5;7.0;0.25;0.072454;138572;11500;2;23000
dataset0010;1;1.25;1.5;3.5;2.75;4.5;1.25;0.0;49;0;1;0
dataset0010;2;1.25;2.5;4.5;3.75;5.5;1.25;0.001638;10145;0;4;0
dataset0010;3;1.25;3.5;5.5;4.75;6.5;1.25;0.155838;197057;11333;6;68000
dataset0010;4;1.25;4.5;6.5;5.75;7.5;1.25;0.280688;195785;14250;4;57000
dataset0010;5;1.25;5.5;7.5;6.75;8.5;1.25;0.010816;43565;1400;5;7000
dataset0010;1;2.25;1.5;6.0;3.75;7.0;2.25;0.022146;45414;2000;4;8000
dataset0010;2;2.25;6.25;6.0;8.5;7.0;2.25;0.02184;51701;2500;4;10000
dataset0010;3;2.25;4.5;3.5;5.5;5.75;2.25;0.055778;41498;2000;4;8000
dataset0010;4;2.25;4.5;7.25;5.5;9.5;2.25;0.055444;60671;3500;4;14000
dataset0010;5;2.15;3.85;6.0;6.0;7.0;2.15;0.519566;357351;26750;8;214000
dataset0010;1;2.5;1.5;3.5;2.5;6.0;2.5;5.6e-05;2318;0;2;0
dataset0010;2;2.5;7.5;3.5;8.5;6.0;2.5;4.2e-05;3041;0;2;0
dataset0010;3;2.5;1.5;7.0;2.5;9.5;2.5;4e-05;2992;0;2;0
dataset0010;4;2.5;7.5;7.0;8.5;9.5;2.5;4e-05;3540;0;2;0
dataset0010;5;2.5;4.0;6.0;6.5;7.0;2.5;0.5395;357351;26625;8;213000
dataset0011;1;1.0;2.0;8.0;3.0;9.0;1.0;1.4e-05;100;0;1;0
dataset0011;2;1.0;3.0;7.0;4.0;8.0;1.0;0.015516;42776;1600;5;8000
dataset0011;3;1.0;4.0;6.0;5.0;7.0;1.0;0.263788;207499;15750;4;63000
dataset0011;4;1.0;5.0;5.0;6.0;6.0;1.0;0.087164;218968;12125;8;97000
dataset0011;5;1.0;6.0;4.0;7.0;5.0;1.0;0.000428;2515;0;2;0
dataset0011;1;0.5;6.5;3.5;7.5;4.0;0.5;0.0;2515;0;2;0
dataset0011;2;0.5;6.5;4.5;7.5;5.0;0.5;9e-05;2515;0;2;0
dataset0011;3;0.5;6.5;5.5;7.5;6.0;0.5;0.002696;27211;1000;3;3000
dataset0011;4;0.5;6.5;6.5;7.5;7.0;0.5;0.00518;22329;1000;2;2000
dataset0011;5;0.5;6.5;7.5;7.5;8.0;0.5;0.000722;12080;250;4;1000
dataset0011;1;2.0;2.0;4.0;4.0;5.0;2.0;0.000492;2880;0;2;0
dataset0011;2;2.0;6.0;4.0;8.0;5.0;2.0;0.000444;2515;0;2;0
dataset0011;3;2.0;2.0;8.0;4.0;9.0;2.0;0.00052;3735;0;2;0
dataset0011;4;2.0;6.0;8.0;8.0;9.0;2.0;0.000514;3146;0;2;0
dataset0011;5;2.0;4.5;5.5;5.5;7.5;2.0;0.489122;389404;34125;8;273000
dataset0011;1;1.5;3.5;3.5;4.5;5.0;1.5;0.001484;2811;0;1;0
dataset0011;2;1.5;3.5;4.5;4.5;6.0;1.5;0.04697;134735;7400;5;37000
dataset0011;3;1.5;3.5;5.5;4.5;7.0;1.5;0.172606;237983;17000;6;102000
dataset0011;4;1.5;3.5;6.5;4.5;8.0;1.5;0.114636;144473;8400;5;42000
dataset0011;5;1.5;3.5;7.5;4.5;9.0;1.5;0.01153;38414;2333;3;7000
dataset0011;1;0.75;2.5;8.75;3.5;9.5;0.75;0.0;3735;0;2;0
dataset0011;2;0.75;2.5;7.75;3.5;8.5;0.75;0.00032;16154;750;4;3000
dataset0011;3;0.75;2.5;6.75;3.5;7.5;0.75;0.005092;39041;2333;3;7000
dataset0011;4;0.75;2.5;5.75;3.5;6.5;0.75;0.006654;67050;4000;5;20000
dataset0011;5;0.75;2.5;4.75;3.5;5.5;0.75;0.000802;13929;250;4;1000
dataset0011;1;1.75;5.5;7.75;6.5;9.5;1.75;0.004324;33125;2333;3;7000
dataset0011;2;1.75;5.5;6.75;6.5;8.5;1.75;0.078964;125086;7000;5;35000
dataset0011;3;1.75;5.5;5.75;6.5;7.5;1.75;0.194204;237100;15625;8;125000
dataset0011;4;1.75;5.5;4.75;6.5;6.5;1.75;0.11499;209534;12714;7;89000
dataset0011;5;1.75;5.5;3.75;6.5;5.5;1.75;0.011386;29123;1333;3;4000
dataset0011;1;0.25;2.25;6.0;2.5;7.0;0.25;7e-05;7088;0;2;0
dataset0011;2;0.25;2.5;6.0;2.75;7.0;0.25;0.000278;7088;0;2;0
dataset0011;3;0.25;7.25;6.0;7.5;7.0;0.25;0.00033;4425;0;2;0
dataset0011;4;0.25;7.5;6.0;7.75;7.0;0.25;7.2e-05;4425;0;2;0
dataset0011;5;0.25;5.25;6.0;5.5;7.0;0.25;0.083534;141095;12500;2;25000
dataset0011;1;1.25;1.5;3.5;2.75;4.5;1.25;0.0;69;0;1;0
dataset0011;2;1.25;2.5;4.5;3.75;5.5;1.25;0.00184;13929;500;4;2000
dataset0011;3;1.25;3.5;5.5;4.75;6.5;1.25;0.162424;237983;16333;6;98000
dataset0011;4;1.25;4.5;6.5;5.75;7.5;1.25;0.29149;200794;15500;4;62000
dataset0011;5;1.25;5.5;7.5;6.75;8.5;1.25;0.011578;35473;1000;5;5000
dataset0011;1;2.25;1.5;6.0;3.75;7.0;2.25;0.02315;59401;3500;4;14000
dataset0011;2;2.25;6.25;6.0;8.5;7.0;2.25;0.02358;43741;2000;4;8000
dataset0011;3;2.25;4.5;3.5;5.5;5.75;2.25;0.058274;48970;2750;4;11000
dataset0011;4;2.25;4.5;7.25;5.5;9.5;2.25;0.058698;56158;3500;4;14000
dataset0011;5;2.15;3.85;6.0;6.0;7.0;2.15;0.532312;387910;33000;8;264000
dataset0011;1;2.5;1.5;3.5;2.5;6.0;2.5;5e-05;3469;0;2;0
dataset0011;2;2.5;7.5;3.5;8.5;6.0;2.5;2.2e-05;2179;0;2;0
dataset0011;3;2.5;1.5;7.0;2.5;9.5;2.5;3.6e-05;3788;0;2;0
dataset0011;4;2.5;7.5;7.0;8.5;9.5;2.5;3.4e-05;2348;0;2;0
dataset0011;5;2.5;4.0;6.0;6.5;7.0;2.5;0.551778;387910;32625;8;261000
dataset0012;1;1.0;2.0;8.0;3.0;9.0;1.0;1.6e-05;69;0;1;0
dataset0012;2;1.0;3.0;7.0;4.0;8.0;1.0;0.014606;35660;1400;5;7000
dataset0012;3;1.0;4.0;6.0;5.0;7.0;1.0;0.252866;187612;13000;4;52000
dataset0012;4;1.0;5.0;5.0;6.0;6.0;1.0;0.082914;208971;10750;8;86000
dataset0012;5;1.0;6.0;4.0;7.0;5.0;1.0;0.000472;2176;0;2;0
dataset0012;1;0.5;6.5;3.5;7.5;4.0;0.5;0.0;2176;0;2;0
dataset0012;2;0.5;6.5;4.5;7.5;5.0;0.5;0.0001;2176;0;2;0
dataset0012;3;0.5;6.5;5.5;7.5;6.0;0.5;0.002444;28759;1333;3;4000
dataset0012;4;0.5;6.5;6.5;7.5;7.0;0.5;0.004918;24202;1000;2;2000
dataset0012;5;0.5;6.5;7.5;7.5;8.0;0.5;0.0006;12018;250;4;1000
dataset0012;1;2.0;2.0;4.0;4.0;5.0;2.0;0.000456;2317;0;2;0
dataset0012;2;2.0;6.0;4.0;8.0;5.0;2.0;0.00049;2176;0;2;0
dataset0012;3;2.0;2.0;8.0;4.0;9.0;2.0;0.000494;2930;0;2;0
dataset0012;4;2.0;6.0;8.0;8.0;9.0;2.0;0.000472;2817;0;2;0
dataset0012;5;2.0;4.5;5.5;5.5;7.5;2.0;0.477358;368229;29125;8;233000
dataset0012;1;1.5;3.5;3.5;4.5;5.0;1.5;0.001366;2269;0;1;0
dataset0012;2;1.5;3.5;4.5;4.5;6.0;1.5;0.044392;120329;5600;5;28000
dataset0012;3;1.5;3.5;5.5;4.5;7.0;1.5;0.164328;213729;13833;6;83000
dataset0012;4;1.5;3.5;6.5;4.5;8.0;1.5;0.108802;128568;6600;5;33000
dataset0012;5;1.5;3.5;7.5;4.5;9.0;1.5;0.01061;32899;1333;3;4000
dataset0012;1;0.75;2.5;8.75;3.5;9.5;0.75;2e-06;2930;0;2;0
dataset0012;2;0.75;2.5;7.75;3.5;8.5;0.75;0.0003;12961;250;4;1000
dataset0012;3;0.75;2.5;6.75;3.5;7.5;0.75;0.004624;32730;1333;3;4000
dataset0012;4;0.75;2.5;5.75;3.5;6.5;0.75;0.006304;56106;2800;5;14000
dataset0012;5;0.75;2.5;4.75;3.5;5.5;0.75;0.000714;11226;250;4;1000
dataset0012;1;1.75;5.5;7.75;6.5;9.5;1.75;0.004138;31797;1333;3;4000
dataset0012;2;1.75;5.5;6.75;6.5;8.5;1.75;0.075256;125054;6800;5;34000
dataset0012;3;1.75;5.5;5.75;6.5;7.5;1.75;0.187416;236587;15375;8;123000
dataset0012;4;1.75;5.5;4.75;6.5;6.5;1.75;0.109984;209675;10857;7;76000
dataset0012;5;1.75;5.5;3.75;6.5;5.5;1.75;0.010796;27478;1333;3;4000
dataset0012;1;0.25;2.25;6.0;2.5;7.0;0.25;0.000108;5631;0;2;0
dataset0012;2;0.25;2.5;6.0;2.75;7.0;0.25;0.000278;5631;0;2;0
dataset0012;3;0.25;7.25;6.0;7.5;7.0;0.25;0.000296;4992;0;2;0
dataset0012;4;0.25;7.5;6.0;7.75;7.0;0.25;8.4e-05;4992;0;2;0
dataset0012;5;0.25;5.25;6.0;5.5;7.0;0.25;0.074272;140067;13000;2;26000
dataset0012;1;1.25;1.5;3.5;2.75;4.5;1.25;0.0;48;0;1;0
dataset0012;2;1.25;2.5;4.5;3.75;5.5;1.25;0.001736;11226;250;4;1000
dataset0012;3;1.25;3.5;5.5;4.75;6.5;1.25;0.155544;213729;13666;6;82000
dataset0012;4;1.25;4.5;6.5;5.75;7.5;1.25;0.280784;190046;13250;4;53000
dataset0012;5;1.25;5.5;7.5;6.75;8.5;1.25;0.010904;34481;1200;5;6000
dataset0012;1;2.25;1.5;6.0;3.75;7.0;2.25;0.022074;49902;2750;4;11000
dataset0012;2;2.25;6.25;6.0;8.5;7.0;2.25;0.022458;47122;2250;4;9000
dataset0012;3;2.25;4.5;3.5;5.5;5.75;2.25;0.055582;43821;2000;4;8000
dataset0012;4;2.25;4.5;7.25;5.5;9.5;2.25;0.0555;51015;2750;4;11000
dataset0012;5;2.15;3.85;6.0;6.0;7.0;2.15;0.520922;369809;28750;8;230000
dataset0012;1;2.5;1.5;3.5;2.5;6.0;2.5;4.2e-05;2753;0;2;0
dataset0012;2;2.5;7.5;3.5;8.5;6.0;2.5;2.6e-05;2416;0;2;0
dataset0012;3;2.5;1.5;7.0;2.5;9.5;2.5;2.6e-05;2995;0;2;0
dataset0012;4;2.5;7.5;7.0;8.5;9.5;2.5;3.8e-05;2684;0;2;0
dataset0012;5;2.5;4.0;6.0;6.5;7.0;2.5;0.541356;369809;28875;8;231000
dataset0013;1;1.0;2.0;8.0;3.0;9.0;1.0;0.025308;32767;3000;1;3000
dataset0013;2;1.0;3.0;7.0;4.0;8.0;1.0;0.025308;131069;13500;4;54000
dataset0013;3;1.0;4.0;6.0;5.0;7.0;1.0;0.02531;65534;7000;2;14000
dataset0013;4;1.0;5.0;5.0;6.0;6.0;1.0;0.025142;131068;13500;4;54000
dataset0013;5;1.0;6.0;4.0;7.0;5.0;1.0;0.025308;65534;6500;2;13000
dataset0013;1;0.5;6.5;3.5;7.5;4.0;0.5;0.012726;65534;6500;2;13000
dataset0013;2;0.5;6.5;4.5;7.5;5.0;0.5;0.012728;65534;7500;2;15000
dataset0013;3;0.5;6.5;5.5;7.5;6.0;0.5;0.012728;65534;6500;2;13000
dataset0013;4;0.5;6.5;6.5;7.5;7.0;0.5;0.012726;131068;13500;4;54000
dataset0013;5;0.5;6.5;7.5;7.5;8.0;0.5;0.012728;106780;9500;4;38000
dataset0013;1;2.0;2.0;4.0;4.0;5.0;2.0;0.050274;65534;7000;2;14000
dataset0013;2;2.0;6.0;4.0;8.0;5.0;2.0;0.050274;65534;7000;2;14000
dataset0013;3;2.0;2.0;8.0;4.0;9.0;2.0;0.050272;65534;7000;2;14000
dataset0013;4;2.0;6.0;8.0;8.0;9.0;2.0;0.032322;41246;3500;2;7000
dataset0013;5;2.0;4.5;5.5;5.5;7.5;2.0;0.050614;131068;12500;4;50000
dataset0013;1;1.5;3.5;3.5;4.5;5.0;1.5;0.037888;32767;4000;1;4000
dataset0013;2;1.5;3.5;4.5;4.5;6.0;1.5;0.038036;65534;7500;2;15000
dataset0013;3;1.5;3.5;5.5;4.5;7.0;1.5;0.038036;65534;6500;2;13000
dataset0013;4;1.5;3.5;6.5;4.5;8.0;1.5;0.037888;98301;9666;3;29000
dataset0013;5;1.5;3.5;7.5;4.5;9.0;1.5;0.038036;65534;7500;2;15000
dataset0013;1;0.75;2.5;8.75;3.5;9.5;0.75;0.018944;65534;6500;2;13000
dataset0013;2;0.75;2.5;7.75;3.5;8.5;0.75;0.01909;131069;12750;4;51000
dataset0013;3;0.75;2.5;6.75;3.5;7.5;0.75;0.019092;65535;7000;2;14000
dataset0013;4;0.75;2.5;5.75;3.5;6.5;0.75;0.018944;65535;6500;2;13000
dataset0013;5;0.75;2.5;4.75;3.5;5.5;0.75;0.01909;131069;12500;4;50000
dataset0013;1;1.75;5.5;7.75;6.5;9.5;1.75;0.03478;57630;6000;2;12000
dataset0013;2;1.75;5.5;6.75;6.5;8.5;1.75;0.0444;57630;5500;2;11000
dataset0013;3;1.75;5.5;5.75;6.5;7.5;1.75;0.044252;65534;7000;2;14000
dataset0013;4;1.75;5.5;4.75;6.5;6.5;1.75;0.044252;65534;7000;2;14000
dataset0013;5;1.75;5.5;3.75;6.5;5.5;1.75;0.0444;65534;7500;2;15000
dataset0013;1;0.25;2.25;6.0;2.5;7.0;0.25;0.006592;65536;6500;2;13000
dataset0013;2;0.25;2.5;6.0;2.75;7.0;0.25;0.006536;65536;6000;2;12000
dataset0013;3;0.25;7.25;6.0;7.5;7.0;0.25;0.006536;65534;6500;2;13000
dataset0013;4;0.25;7.5;6.0;7.75;7.0;0.25;0.006598;65534;7000;2;14000
dataset0013;5;0.25;5.25;6.0;5.5;7.0;0.25;0.006536;65534;6500;2;13000
dataset0013;1;1.25;1.5;3.5;2.75;4.5;1.25;0.031462;32767;3000;1;3000
dataset0013;2;1.25;2.5;4.5;3.75;5.5;1.25;0.031646;131069;13500;4;54000
dataset0013;3;1.25;3.5;5.5;4.75;6.5;1.25;0.031464;32767;3000;1;3000
dataset0013;4;1.25;4.5;6.5;5.75;7.5;1.25;0.031462;131068;14000;4;56000
dataset0013;5;1.25;5.5;7.5;6.75;8.5;1.25;0.031648;57630;5500;2;11000
dataset0013;1;2.25;1.5;6.0;3.75;7.0;2.25;0.056756;131070;13250;4;53000
dataset0013;2;2.25;6.25;6.0;8.5;7.0;2.25;0.056758;131068;12750;4;51000
dataset0013;3;2.25;4.5;3.5;5.5;5.75;2.25;0.056828;131068;13750;4;55000
dataset0013;4;2.25;4.5;7.25;5.5;9.5;2.25;0.05267;123164;11750;4;47000
dataset0013;5;2.15;3.85;6.0;6.0;7.0;2.15;0.054354;131068;13750;4;55000
dataset0013;1;2.5;1.5;3.5;2.5;6.0;2.5;0.062824;65535;7000;2;14000
dataset0013;2;2.5;7.5;3.5;8.5;6.0;2.5;0.062836;65534;6500;2;13000
dataset0013;3;2.5;1.5;7.0;2.5;9.5;2.5;0.062836;65535;7500;2;15000
dataset0013;4;2.5;7.5;7.0;8.5;9.5;2.5;0.044008;49150;4500;2;9000
dataset0013;5;2.5;4.0;6.0;6.5;7.0;2.5;0.063148;131068;12500;4;50000
dataset0014;1;1.0;2.0;8.0;3.0;9.0;1.0;0.025308;32767;3000;1;3000
dataset0014;2;1.0;3.0;7.0;4.0;8.0;1.0;0.025308;131068;13000;4;52000
dataset0014;3;1.0;4.0;6.0;5.0;7.0;1.0;0.025292;131068;12250;4;49000
dataset0014;4;1.0;5.0;5.0;6.0;6.0;1.0;0.025182;65534;7000;2;14000
dataset0014;5;1.0;6.0;4.0;7.0;5.0;1.0;0.025308;65535;7000;2;14000
dataset0014;1;0.5;6.5;3.5;7.5;4.0;0.5;0.012728;65535;7000;2;14000
dataset0014;2;0.5;6.5;4.5;7.5;5.0;0.5;0.012728;65535;7000;2;14000
dataset0014;3;0.5;6.5;5.5;7.5;6.0;0.5;0.012728;65534;7000;2;14000
dataset0014;4;0.5;6.5;6.5;7.5;7.0;0.5;0.012726;65534;7000;2;14000
dataset0014;5;0.5;6.5;7.5;7.5;8.0;0.5;0.012728;106782;10000;4;40000
dataset0014;1;2.0;2.0;4.0;4.0;5.0;2.0;0.050274;65534;7000;2;14000
dataset0014;2;2.0;6.0;4.0;8.0;5.0;2.0;0.050274;65535;7000;2;14000
dataset0014;3;2.0;2.0;8.0;4.0;9.0;2.0;0.050272;65534;7000;2;14000
dataset0014;4;2.0;6.0;8.0;8.0;9.0;2.0;0.032324;41248;3500;2;7000
dataset0014;5;2.0;4.5;5.5;5.5;7.5;2.0;0.050614;131068;13750;4;55000
dataset0014;1;1.5;3.5;3.5;4.5;5.0;1.5;0.037888;32767;3000;1;3000
dataset0014;2;1.5;3.5;4.5;4.5;6.0;1.5;0.038036;65534;7000;2;14000
dataset0014;3;1.5;3.5;5.5;4.5;7.0;1.5;0.038036;65534;7500;2;15000
dataset0014;4;1.5;3.5;6.5;4.5;8.0;1.5;0.037888;65534;7000;2;14000
dataset0014;5;1.5;3.5;7.5;4.5;9.0;1.5;0.038036;65534;7000;2;14000
dataset0014;1;0.75;2.5;8.75;3.5;9.5;0.75;0.018944;65534;7000;2;14000
dataset0014;2;0.75;2.5;7.75;3.5;8.5;0.75;0.01909;131068;13750;4;55000
dataset0014;3;0.75;2.5;6.75;3.5;7.5;0.75;0.019092;65534;7000;2;14000
dataset0014;4;0.75;2.5;5.75;3.5;6.5;0.75;0.018944;131068;14000;4;56000
dataset0014;5;0.75;2.5;4.75;3.5;5.5;0.75;0.01909;131068;13500;4;54000
dataset0014;1;1.75;5.5;7.75;6.5;9.5;1.75;0.03478;57630;6000;2;12000
dataset0014;2;1.75;5.5;6.75;6.5;8.5;1.75;0.0444;57630;6000;2;12000
dataset0014;3;1.75;5.5;5.75;6.5;7.5;1.75;0.044252;65534;7000;2;14000
dataset0014;4;1.75;5.5;4.75;6.5;6.5;1.75;0.044252;98301;10000;3;30000
dataset0014;5;1.75;5.5;3.75;6.5;5.5;1.75;0.0444;65534;7000;2;14000
dataset0014;1;0.25;2.25;6.0;2.5;7.0;0.25;0.006584;65534;7000;2;14000
dataset0014;2;0.25;2.5;6.0;2.75;7.0;0.25;0.006536;65534;6500;2;13000
dataset0014;3;0.25;7.25;6.0;7.5;7.0;0.25;0.006536;65534;7000;2;14000
dataset0014;4;0.25;7.5;6.0;7.75;7.0;0.25;0.006598;65534;7000;2;14000
dataset0014;5;0.25;5.25;6.0;5.5;7.0;0.25;0.006536;65534;7000;2;14000
dataset0014;1;1.25;1.5;3.5;2.75;4.5;1.25;0.031462;32767;4000;1;4000
dataset0014;2;1.25;2.5;4.5;3.75;5.5;1.25;0.031646;131068;12250;4;49000
dataset0014;3;1.25;3.5;5.5;4.75;6.5;1.25;0.031464;65534;7500;2;15000
dataset0014;4;1.25;4.5;6.5;5.75;7.5;1.25;0.031462;65534;7000;2;14000
dataset0014;5;1.25;5.5;7.5;6.75;8.5;1.25;0.031648;106782;9250;4;37000
dataset0014;1;2.25;1.5;6.0;3.75;7.0;2.25;0.056756;131068;13500;4;54000
dataset0014;2;2.25;6.25;6.0;8.5;7.0;2.25;0.056758;131068;13250;4;53000
dataset0014;3;2.25;4.5;3.5;5.5;5.75;2.25;0.056828;131068;13750;4;55000
dataset0014;4;2.25;4.5;7.25;5.5;9.5;2.25;0.05267;123164;11500;4;46000
dataset0014;5;2.15;3.85;6.0;6.0;7.0;2.15;0.054342;131068;13500;4;54000
dataset0014;1;2.5;1.5;3.5;2.5;6.0;2.5;0.062808;65534;7000;2;14000
dataset0014;2;2.5;7.5;3.5;8.5;6.0;2.5;0.062842;65535;8000;2;16000
dataset0014;3;2.5;1.5;7.0;2.5;9.5;2.5;0.062818;65534;7000;2;14000
dataset0014;4;2.5;7.5;7.0;8.5;9.5;2.5;0.044002;49152;4500;2;9000
dataset0014;5;2.5;4.0;6.0;6.5;7.0;2.5;0.06313;131068;12750;4;51000
dataset0015;1;1.0;2.0;8.0;3.0;9.0;1.0;0.025308;32769;3000;1;3000
dataset0015;2;1.0;3.0;7.0;4.0;8.0;1.0;0.025308;131071;13000;4;52000
dataset0015;3;1.0;4.0;6.0;5.0;7.0;1.0;0.02532;65534;6000;2;12000
dataset0015;4;1.0;5.0;5.0;6.0;6.0;1.0;0.025152;131070;13250;4;53000
dataset0015;5;1.0;6.0;4.0;7.0;5.0;1.0;0.025308;65534;6000;2;12000
dataset0015;1;0.5;6.5;3.5;7.5;4.0;0.5;0.012726;65534;6000;2;12000
dataset0015;2;0.5;6.5;4.5;7.5;5.0;0.5;0.012728;65534;6000;2;12000
dataset0015;3;0.5;6.5;5.5;7.5;6.0;0.5;0.012728;65534;6000;2;12000
dataset0015;4;0.5;6.5;6.5;7.5;7.0;0.5;0.012726;65535;6000;2;12000
dataset0015;5;0.5;6.5;7.5;7.5;8.0;0.5;0.012728;106781;10000;4;40000
dataset0015;1;2.0;2.0;4.0;4.0;5.0;2.0;0.050274;65536;6500;2;13000
dataset0015;2;2.0;6.0;4.0;8.0;5.0;2.0;0.050274;65534;6000;2;12000
dataset0015;3;2.0;2.0;8.0;4.0;9.0;2.0;0.050272;65536;6000;2;12000
dataset0015;4;2.0;6.0;8.0;8.0;9.0;2.0;0.032322;41246;3500;2;7000
dataset0015;5;2.0;4.5;5.5;5.5;7.5;2.0;0.050616;131069;12750;4;51000
dataset0015;1;1.5;3.5;3.5;4.5;5.0;1.5;0.037888;32769;3000;1;3000
dataset0015;2;1.5;3.5;4.5;4.5;6.0;1.5;0.038036;65536;6000;2;12000
dataset0015;3;1.5;3.5;5.5;4.5;7.0;1.5;0.038036;65534;7000;2;14000
dataset0015;4;1.5;3.5;6.5;4.5;8.0;1.5;0.037888;65534;6000;2;12000
dataset0015;5;1.5;3.5;7.5;4.5;9.0;1.5;0.038036;65534;7000;2;14000
dataset0015;1;0.75;2.5;8.75;3.5;9.5;0.75;0.018944;65536;6000;2;12000
dataset0015;2;0.75;2.5;7.75;3.5;8.5;0.75;0.01909;131071;12250;4;49000
dataset0015;3;0.75;2.5;6.75;3.5;7.5;0.75;0.019092;65535;7000;2;14000
dataset0015;4;0.75;2.5;5.75;3.5;6.5;0.75;0.018944;131069;12500;4;50000
dataset0015;5;0.75;2.5;4.75;3.5;5.5;0.75;0.01909;131070;12250;4;49000
dataset0015;1;1.75;5.5;7.75;6.5;9.5;1.75;0.03478;57631;5000;2;10000
dataset0015;2;1.75;5.5;6.75;6.5;8.5;1.75;0.0444;57631;5500;2;11000
dataset0015;3;1.75;5.5;5.75;6.5;7.5;1.75;0.044252;65535;6000;2;12000
dataset0015;4;1.75;5.5;4.75;6.5;6.5;1.75;0.044252;98302;9000;3;27000
dataset0015;5;1.75;5.5;3.75;6.5;5.5;1.75;0.0444;65534;7000;2;14000
dataset0015;1;0.25;2.25;6.0;2.5;7.0;0.25;0.006558;65535;9500;2;19000
dataset0015;2;0.25;2.5;6.0;2.75;7.0;0.25;0.006536;65535;8000;2;16000
dataset0015;3;0.25;7.25;6.0;7.5;7.0;0.25;0.006536;65534;7000;2;14000
dataset0015;4;0.25;7.5;6.0;7.75;7.0;0.25;0.006618;65534;6000;2;12000
dataset0015;5;0.25;5.25;6.0;5.5;7.0;0.25;0.006536;65535;7000;2;14000
dataset0015;1;1.25;1.5;3.5;2.75;4.5;1.25;0.031462;32767;3000;1;3000
dataset0015;2;1.25;2.5;4.5;3.75;5.5;1.25;0.031646;131070;16000;4;64000
dataset0015;3;1.25;3.5;5.5;4.75;6.5;1.25;0.031464;65534;9000;2;18000
dataset0015;4;1.25;4.5;6.5;5.75;7.5;1.25;0.031464;65535;7000;2;14000
dataset0015;5;1.25;5.5;7.5;6.75;8.5;1.25;0.031648;57631;5500;2;11000
dataset0015;1;2.25;1.5;6.0;3.75;7.0;2.25;0.056756;131069;14500;4;58000
dataset0015;2;2.25;6.25;6.0;8.5;7.0;2.25;0.056758;131069;14250;4;57000
dataset0015;3;2.25;4.5;3.5;5.5;5.75;2.25;0.056828;131070;15000;4;60000
dataset0015;4;2.25;4.5;7.25;5.5;9.5;2.25;0.05267;123165;13500;4;54000
dataset0015;5;2.15;3.85;6.0;6.0;7.0;2.15;0.054372;131069;14500;4;58000
dataset0015;1;2.5;1.5;3.5;2.5;6.0;2.5;0.062812;65534;7000;2;14000
dataset0015;2;2.5;7.5;3.5;8.5;6.0;2.5;0.06284;65534;7000;2;14000
dataset0015;3;2.5;1.5;7.0;2.5;9.5;2.5;0.062806;65537;7000;2;14000
dataset0015;4;2.5;7.5;7.0;8.5;9.5;2.5;0.043998;49150;4000;2;8000
dataset0015;5;2.5;4.0;6.0;6.5;7.0;2.5;0.06316;131069;14000;4;56000
