datasetName;numQuery;queryArea;minX;minY;maxX;maxY;areaint;cardinality;mbrTests;executionTime
dataset0007;1;1.0;2.0;8.0;3.0;9.0;1.0;0.00639;12946;908
dataset0007;2;1.0;3.0;7.0;4.0;8.0;1.0;0.005882;39330;2428
dataset0007;3;1.0;4.0;6.0;5.0;7.0;1.0;0.007666;58284;3677
dataset0007;4;1.0;5.0;5.0;6.0;6.0;1.0;0.022298;12757;831
dataset0007;5;1.0;6.0;4.0;7.0;5.0;1.0;0.006506;39029;2382
dataset0007;1;0.5;6.5;3.5;7.5;4.0;0.5;0.01606;20970;1344
dataset0007;2;0.5;6.5;4.5;7.5;5.0;0.5;0.001882;30806;1846
dataset0007;3;0.5;6.5;5.5;7.5;6.0;0.5;0.000938;16013;939
dataset0007;4;0.5;6.5;6.5;7.5;7.0;0.5;0.003908;20129;1276
dataset0007;5;0.5;6.5;7.5;7.5;8.0;0.5;0.000422;20129;1278
dataset0007;1;2.0;2.0;4.0;4.0;5.0;2.0;0.053506;299143;19071
dataset0007;2;2.0;6.0;4.0;8.0;5.0;2.0;0.009186;39029;2318
dataset0007;3;2.0;2.0;8.0;4.0;9.0;2.0;0.011648;16259;980
dataset0007;4;2.0;6.0;8.0;8.0;9.0;2.0;0.001946;20129;1593
dataset0007;5;2.0;4.5;5.5;5.5;7.5;2.0;0.0241;58284;3723
dataset0007;1;1.5;3.5;3.5;4.5;5.0;1.5;0.039548;63924;3996
dataset0007;2;1.5;3.5;4.5;4.5;6.0;1.5;0.010608;23185;1378
dataset0007;3;1.5;3.5;5.5;4.5;7.0;1.5;0.009352;25398;1558
dataset0007;4;1.5;3.5;6.5;4.5;8.0;1.5;0.009784;15948;1026
dataset0007;5;1.5;3.5;7.5;4.5;9.0;1.5;0.002742;15948;972
dataset0007;1;0.75;2.5;8.75;3.5;9.5;0.75;0.001214;16259;962
dataset0007;2;0.75;2.5;7.75;3.5;8.5;0.75;0.004872;30965;1834
dataset0007;3;0.75;2.5;6.75;3.5;7.5;0.75;0.007832;23071;1402
dataset0007;4;0.75;2.5;5.75;3.5;6.5;0.75;0.008812;35805;2171
dataset0007;5;0.75;2.5;4.75;3.5;5.5;0.75;0.018774;37564;2198
dataset0007;1;1.75;5.5;7.75;6.5;9.5;1.75;0.001686;20129;1311
dataset0007;2;1.75;5.5;6.75;6.5;8.5;1.75;0.00374;20129;1291
dataset0007;3;1.75;5.5;5.75;6.5;7.5;1.75;0.007556;32886;2073
dataset0007;4;1.75;5.5;4.75;6.5;6.5;1.75;0.007968;43134;2668
dataset0007;5;1.75;5.5;3.75;6.5;5.5;1.75;0.015312;64209;3971
dataset0007;1;0.25;2.25;6.0;2.5;7.0;0.25;0.010628;51335;3138
dataset0007;2;0.25;2.5;6.0;2.75;7.0;0.25;0.003334;10407;605
dataset0007;3;0.25;7.25;6.0;7.5;7.0;0.25;0.0003;23385;1414
dataset0007;4;0.25;7.5;6.0;7.75;7.0;0.25;0.000626;23385;1399
dataset0007;5;0.25;5.25;6.0;5.5;7.0;0.25;0.003156;32886;2102
dataset0007;1;1.25;1.5;3.5;2.75;4.5;1.25;0.374142;204641;13749
dataset0007;2;1.25;2.5;4.5;3.75;5.5;1.25;0.025924;37564;2278
dataset0007;3;1.25;3.5;5.5;4.75;6.5;1.25;0.004162;25398;1566
dataset0007;4;1.25;4.5;6.5;5.75;7.5;1.25;0.020686;32764;2118
dataset0007;5;1.25;5.5;7.5;6.75;8.5;1.25;0.001856;20129;1303
dataset0007;1;2.25;1.5;6.0;3.75;7.0;2.25;0.09831;76733;4946
dataset0007;2;2.25;6.25;6.0;8.5;7.0;2.25;0.005912;36142;2223
dataset0007;3;2.25;4.5;3.5;5.5;5.75;2.25;0.096494;76874;4951
dataset0007;4;2.25;4.5;7.25;5.5;9.5;2.25;0.009122;36077;2592
dataset0007;5;2.15;3.85;6.0;6.0;7.0;2.15;0.024142;58284;3612
dataset0007;1;2.5;1.5;3.5;2.5;6.0;2.5;0.464728;255614;17614
dataset0007;2;2.5;7.5;3.5;8.5;6.0;2.5;0.006538;16003;962
dataset0007;3;2.5;1.5;7.0;2.5;9.5;2.5;0.045834;64146;4053
dataset0007;4;2.5;7.5;7.0;8.5;9.5;2.5;0.000666;20129;1332
dataset0007;5;2.5;4.0;6.0;6.5;7.0;2.5;0.025086;58284;3634
dataset0008;1;1.0;2.0;8.0;3.0;9.0;1.0;0.006414;12862;1272
dataset0008;2;1.0;3.0;7.0;4.0;8.0;1.0;0.006272;41472;3770
dataset0008;3;1.0;4.0;6.0;5.0;7.0;1.0;0.00927;62219;6131
dataset0008;4;1.0;5.0;5.0;6.0;6.0;1.0;0.022908;13729;1378
dataset0008;5;1.0;6.0;4.0;7.0;5.0;1.0;0.007334;41980;3860
dataset0008;1;0.5;6.5;3.5;7.5;4.0;0.5;0.016284;22458;2217
dataset0008;2;0.5;6.5;4.5;7.5;5.0;0.5;0.002238;32372;3011
dataset0008;3;0.5;6.5;5.5;7.5;6.0;0.5;0.001094;17043;1543
dataset0008;4;0.5;6.5;6.5;7.5;7.0;0.5;0.004096;20063;2041
dataset0008;5;0.5;6.5;7.5;7.5;8.0;0.5;0.000584;20063;2114
dataset0008;1;2.0;2.0;4.0;4.0;5.0;2.0;0.057482;306795;31380
dataset0008;2;2.0;6.0;4.0;8.0;5.0;2.0;0.01014;41980;3878
dataset0008;3;2.0;2.0;8.0;4.0;9.0;2.0;0.011516;16347;1499
dataset0008;4;2.0;6.0;8.0;8.0;9.0;2.0;0.002006;20063;2063
dataset0008;5;2.0;4.5;5.5;5.5;7.5;2.0;0.024176;62219;5998
dataset0008;1;1.5;3.5;3.5;4.5;5.0;1.5;0.04166;71102;6786
dataset0008;2;1.5;3.5;4.5;4.5;6.0;1.5;0.011462;25731;2273
dataset0008;3;1.5;3.5;5.5;4.5;7.0;1.5;0.009966;28427;2628
dataset0008;4;1.5;3.5;6.5;4.5;8.0;1.5;0.010512;17682;1569
dataset0008;5;1.5;3.5;7.5;4.5;9.0;1.5;0.002896;17682;1566
dataset0008;1;0.75;2.5;8.75;3.5;9.5;0.75;0.001244;16347;1493
dataset0008;2;0.75;2.5;7.75;3.5;8.5;0.75;0.00483;32844;2975
dataset0008;3;0.75;2.5;6.75;3.5;7.5;0.75;0.00843;25125;2242
dataset0008;4;0.75;2.5;5.75;3.5;6.5;0.75;0.010298;39479;3570
dataset0008;5;0.75;2.5;4.75;3.5;5.5;0.75;0.019744;40208;3695
dataset0008;1;1.75;5.5;7.75;6.5;9.5;1.75;0.00177;20063;2060
dataset0008;2;1.75;5.5;6.75;6.5;8.5;1.75;0.003896;20063;2058
dataset0008;3;1.75;5.5;5.75;6.5;7.5;1.75;0.007846;33792;3373
dataset0008;4;1.75;5.5;4.75;6.5;6.5;1.75;0.008588;44875;4374
dataset0008;5;1.75;5.5;3.75;6.5;5.5;1.75;0.015988;68335;6578
dataset0008;1;0.25;2.25;6.0;2.5;7.0;0.25;0.010676;53588;5214
dataset0008;2;0.25;2.5;6.0;2.75;7.0;0.25;0.004044;11052;946
dataset0008;3;0.25;7.25;6.0;7.5;7.0;0.25;0.000408;23377;2264
dataset0008;4;0.25;7.5;6.0;7.75;7.0;0.25;0.000646;23377;2274
dataset0008;5;0.25;5.25;6.0;5.5;7.0;0.25;0.003442;33792;3406
dataset0008;1;1.25;1.5;3.5;2.75;4.5;1.25;0.37486;208846;22587
dataset0008;2;1.25;2.5;4.5;3.75;5.5;1.25;0.02713;40208;3651
dataset0008;3;1.25;3.5;5.5;4.75;6.5;1.25;0.004902;28427;2663
dataset0008;4;1.25;4.5;6.5;5.75;7.5;1.25;0.020592;34260;3634
dataset0008;5;1.25;5.5;7.5;6.75;8.5;1.25;0.002004;20063;2075
dataset0008;1;2.25;1.5;6.0;3.75;7.0;2.25;0.099042;82015;8144
dataset0008;2;2.25;6.25;6.0;8.5;7.0;2.25;0.006094;37106;3590
dataset0008;3;2.25;4.5;3.5;5.5;5.75;2.25;0.09721;85329;8185
dataset0008;4;2.25;4.5;7.25;5.5;9.5;2.25;0.00893;37745;3612
dataset0008;5;2.15;3.85;6.0;6.0;7.0;2.15;0.0243;62219;6075
dataset0008;1;2.5;1.5;3.5;2.5;6.0;2.5;0.466404;262030;27631
dataset0008;2;2.5;7.5;3.5;8.5;6.0;2.5;0.00642;16164;1531
dataset0008;3;2.5;1.5;7.0;2.5;9.5;2.5;0.04633;65864;6422
dataset0008;4;2.5;7.5;7.0;8.5;9.5;2.5;0.000638;20063;2053
dataset0008;5;2.5;4.0;6.0;6.5;7.0;2.5;0.025054;62219;5984
dataset0009;1;1.0;2.0;8.0;3.0;9.0;1.0;0.006386;12772;1272
dataset0009;2;1.0;3.0;7.0;4.0;8.0;1.0;0.00609;39144;3933
dataset0009;3;1.0;4.0;6.0;5.0;7.0;1.0;0.007596;58879;5991
dataset0009;4;1.0;5.0;5.0;6.0;6.0;1.0;0.022178;12976;1366
dataset0009;5;1.0;6.0;4.0;7.0;5.0;1.0;0.006542;39164;3861
dataset0009;1;0.5;6.5;3.5;7.5;4.0;0.5;0.01601;20928;2079
dataset0009;2;0.5;6.5;4.5;7.5;5.0;0.5;0.00186;31032;2989
dataset0009;3;0.5;6.5;5.5;7.5;6.0;0.5;0.001012;16126;1519
dataset0009;4;0.5;6.5;6.5;7.5;7.0;0.5;0.004016;20184;2124
dataset0009;5;0.5;6.5;7.5;7.5;8.0;0.5;0.000416;20184;2072
dataset0009;1;2.0;2.0;4.0;4.0;5.0;2.0;0.052726;299399;31526
dataset0009;2;2.0;6.0;4.0;8.0;5.0;2.0;0.009222;39164;3793
dataset0009;3;2.0;2.0;8.0;4.0;9.0;2.0;0.011444;15976;1554
dataset0009;4;2.0;6.0;8.0;8.0;9.0;2.0;0.00196;20184;2139
dataset0009;5;2.0;4.5;5.5;5.5;7.5;2.0;0.023652;58879;7096
dataset0009;1;1.5;3.5;3.5;4.5;5.0;1.5;0.03954;64189;6583
dataset0009;2;1.5;3.5;4.5;4.5;6.0;1.5;0.011016;23054;2207
dataset0009;3;1.5;3.5;5.5;4.5;7.0;1.5;0.009548;25719;2573
dataset0009;4;1.5;3.5;6.5;4.5;8.0;1.5;0.009918;16185;1579
dataset0009;5;1.5;3.5;7.5;4.5;9.0;1.5;0.00267;16185;1571
dataset0009;1;0.75;2.5;8.75;3.5;9.5;0.75;0.00117;15976;1508
dataset0009;2;0.75;2.5;7.75;3.5;8.5;0.75;0.004748;31023;2979
dataset0009;3;0.75;2.5;6.75;3.5;7.5;0.75;0.008054;23168;2204
dataset0009;4;0.75;2.5;5.75;3.5;6.5;0.75;0.00831;35834;3560
dataset0009;5;0.75;2.5;4.75;3.5;5.5;0.75;0.018584;37210;3590
dataset0009;1;1.75;5.5;7.75;6.5;9.5;1.75;0.001676;20184;2047
dataset0009;2;1.75;5.5;6.75;6.5;8.5;1.75;0.00387;20184;2038
dataset0009;3;1.75;5.5;5.75;6.5;7.5;1.75;0.007696;33160;3405
dataset0009;4;1.75;5.5;4.75;6.5;6.5;1.75;0.008046;43553;4269
dataset0009;5;1.75;5.5;3.75;6.5;5.5;1.75;0.015428;64055;6398
dataset0009;1;0.25;2.25;6.0;2.5;7.0;0.25;0.010174;50771;5036
dataset0009;2;0.25;2.5;6.0;2.75;7.0;0.25;0.003378;10115;919
dataset0009;3;0.25;7.25;6.0;7.5;7.0;0.25;0.000316;23334;2335
dataset0009;4;0.25;7.5;6.0;7.75;7.0;0.25;0.0006;23334;2288
dataset0009;5;0.25;5.25;6.0;5.5;7.0;0.25;0.002912;33160;3327
dataset0009;1;1.25;1.5;3.5;2.75;4.5;1.25;0.36694;204653;22111
dataset0009;2;1.25;2.5;4.5;3.75;5.5;1.25;0.025796;37210;3631
dataset0009;3;1.25;3.5;5.5;4.75;6.5;1.25;0.004034;25719;2566
dataset0009;4;1.25;4.5;6.5;5.75;7.5;1.25;0.020166;33165;3380
dataset0009;5;1.25;5.5;7.5;6.75;8.5;1.25;0.001852;20184;2069
dataset0009;1;2.25;1.5;6.0;3.75;7.0;2.25;0.096892;76490;7695
dataset0009;2;2.25;6.25;6.0;8.5;7.0;2.25;0.006138;36310;3629
dataset0009;3;2.25;4.5;3.5;5.5;5.75;2.25;0.09551;76922;7826
dataset0009;4;2.25;4.5;7.25;5.5;9.5;2.25;0.009108;36369;3619
dataset0009;5;2.15;3.85;6.0;6.0;7.0;2.15;0.023876;58879;5990
dataset0009;1;2.5;1.5;3.5;2.5;6.0;2.5;0.457948;255777;27780
dataset0009;2;2.5;7.5;3.5;8.5;6.0;2.5;0.006506;15946;1529
dataset0009;3;2.5;1.5;7.0;2.5;9.5;2.5;0.045486;63637;6470
dataset0009;4;2.5;7.5;7.0;8.5;9.5;2.5;0.000666;20184;2000
dataset0009;5;2.5;4.0;6.0;6.5;7.0;2.5;0.024844;58879;5984
dataset0010;1;1.0;2.0;8.0;3.0;9.0;1.0;1.2e-05;86;19
dataset0010;2;1.0;3.0;7.0;4.0;8.0;1.0;0.014626;36149;2705
dataset0010;3;1.0;4.0;6.0;5.0;7.0;1.0;0.25225;312054;25015
dataset0010;4;1.0;5.0;5.0;6.0;6.0;1.0;0.083528;114129;8918
dataset0010;5;1.0;6.0;4.0;7.0;5.0;1.0;0.000458;2443;158
dataset0010;1;0.5;6.5;3.5;7.5;4.0;0.5;0.0;2443;132
dataset0010;2;0.5;6.5;4.5;7.5;5.0;0.5;8.8e-05;2443;136
dataset0010;3;0.5;6.5;5.5;7.5;6.0;0.5;0.002596;30477;2150
dataset0010;4;0.5;6.5;6.5;7.5;7.0;0.5;0.004632;27395;2068
dataset0010;5;0.5;6.5;7.5;7.5;8.0;0.5;0.000596;16750;1173
dataset0010;1;2.0;2.0;4.0;4.0;5.0;2.0;0.000448;2254;150
dataset0010;2;2.0;6.0;4.0;8.0;5.0;2.0;0.000474;2443;143
dataset0010;3;2.0;2.0;8.0;4.0;9.0;2.0;0.000454;4150;301
dataset0010;4;2.0;6.0;8.0;8.0;9.0;2.0;0.00041;4441;272
dataset0010;5;2.0;4.5;5.5;5.5;7.5;2.0;0.475682;361008;30248
dataset0010;1;1.5;3.5;3.5;4.5;5.0;1.5;0.001392;2205;128
dataset0010;2;1.5;3.5;4.5;4.5;6.0;1.5;0.044982;107831;8100
dataset0010;3;1.5;3.5;5.5;4.5;7.0;1.5;0.16575;197057;15506
dataset0010;4;1.5;3.5;6.5;4.5;8.0;1.5;0.108702;128845;10560
dataset0010;5;1.5;3.5;7.5;4.5;9.0;1.5;0.010564;37414;2741
dataset0010;1;0.75;2.5;8.75;3.5;9.5;0.75;2e-06;4150;254
dataset0010;2;0.75;2.5;7.75;3.5;8.5;0.75;0.00027;14941;940
dataset0010;3;0.75;2.5;6.75;3.5;7.5;0.75;0.004698;31999;2301
dataset0010;4;0.75;2.5;5.75;3.5;6.5;0.75;0.006222;51036;3658
dataset0010;5;0.75;2.5;4.75;3.5;5.5;0.75;0.000676;10145;597
dataset0010;1;1.75;5.5;7.75;6.5;9.5;1.75;0.00406;40025;2890
dataset0010;2;1.75;5.5;6.75;6.5;8.5;1.75;0.074808;137276;10843
dataset0010;3;1.75;5.5;5.75;6.5;7.5;1.75;0.186852;244698;19111
dataset0010;4;1.75;5.5;4.75;6.5;6.5;1.75;0.110156;211380;17807
dataset0010;5;1.75;5.5;3.75;6.5;5.5;1.75;0.010666;27511;1941
dataset0010;1;0.25;2.25;6.0;2.5;7.0;0.25;9.2e-05;5175;280
dataset0010;2;0.25;2.5;6.0;2.75;7.0;0.25;0.000274;5175;274
dataset0010;3;0.25;7.25;6.0;7.5;7.0;0.25;0.0003;6404;360
dataset0010;4;0.25;7.5;6.0;7.75;7.0;0.25;9.2e-05;6404;366
dataset0010;5;0.25;5.25;6.0;5.5;7.0;0.25;0.072454;138572;11082
dataset0010;1;1.25;1.5;3.5;2.75;4.5;1.25;0.0;49;5
dataset0010;2;1.25;2.5;4.5;3.75;5.5;1.25;0.001638;10145;605
dataset0010;3;1.25;3.5;5.5;4.75;6.5;1.25;0.155838;197057;15508
dataset0010;4;1.25;4.5;6.5;5.75;7.5;1.25;0.280688;195785;15893
dataset0010;5;1.25;5.5;7.5;6.75;8.5;1.25;0.010816;43565;3183
dataset0010;1;2.25;1.5;6.0;3.75;7.0;2.25;0.022146;45414;3293
dataset0010;2;2.25;6.25;6.0;8.5;7.0;2.25;0.02184;51701;3795
dataset0010;3;2.25;4.5;3.5;5.5;5.75;2.25;0.055778;41498;3152
dataset0010;4;2.25;4.5;7.25;5.5;9.5;2.25;0.055444;60671;4577
dataset0010;5;2.15;3.85;6.0;6.0;7.0;2.15;0.519566;357351;29659
dataset0010;1;2.5;1.5;3.5;2.5;6.0;2.5;5.6e-05;2318;140
dataset0010;2;2.5;7.5;3.5;8.5;6.0;2.5;4.2e-05;3041;181
dataset0010;3;2.5;1.5;7.0;2.5;9.5;2.5;4e-05;2992;171
dataset0010;4;2.5;7.5;7.0;8.5;9.5;2.5;4e-05;3540;211
dataset0010;5;2.5;4.0;6.0;6.5;7.0;2.5;0.5395;357351;29251
dataset0011;1;1.0;2.0;8.0;3.0;9.0;1.0;1.4e-05;100;20
dataset0011;2;1.0;3.0;7.0;4.0;8.0;1.0;0.015516;42776;4339
dataset0011;3;1.0;4.0;6.0;5.0;7.0;1.0;0.263788;207499;23447
dataset0011;4;1.0;5.0;5.0;6.0;6.0;1.0;0.087164;218968;24305
dataset0011;5;1.0;6.0;4.0;7.0;5.0;1.0;0.000428;2515;191
dataset0011;1;0.5;6.5;3.5;7.5;4.0;0.5;0.0;2515;169
dataset0011;2;0.5;6.5;4.5;7.5;5.0;0.5;9e-05;2515;176
dataset0011;3;0.5;6.5;5.5;7.5;6.0;0.5;0.002696;27211;2670
dataset0011;4;0.5;6.5;6.5;7.5;7.0;0.5;0.00518;22329;2297
dataset0011;5;0.5;6.5;7.5;7.5;8.0;0.5;0.000722;12080;1000
dataset0011;1;2.0;2.0;4.0;4.0;5.0;2.0;0.000492;2880;244
dataset0011;2;2.0;6.0;4.0;8.0;5.0;2.0;0.000444;2515;189
dataset0011;3;2.0;2.0;8.0;4.0;9.0;2.0;0.00052;3735;271
dataset0011;4;2.0;6.0;8.0;8.0;9.0;2.0;0.000514;3146;243
dataset0011;5;2.0;4.5;5.5;5.5;7.5;2.0;0.489122;389404;43526
dataset0011;1;1.5;3.5;3.5;4.5;5.0;1.5;0.001484;2811;221
dataset0011;2;1.5;3.5;4.5;4.5;6.0;1.5;0.04697;134735;14437
dataset0011;3;1.5;3.5;5.5;4.5;7.0;1.5;0.172606;237983;25929
dataset0011;4;1.5;3.5;6.5;4.5;8.0;1.5;0.114636;144473;15683
dataset0011;5;1.5;3.5;7.5;4.5;9.0;1.5;0.01153;38414;3934
dataset0011;1;0.75;2.5;8.75;3.5;9.5;0.75;0.0;3735;274
dataset0011;2;0.75;2.5;7.75;3.5;8.5;0.75;0.00032;16154;1357
dataset0011;3;0.75;2.5;6.75;3.5;7.5;0.75;0.005092;39041;3845
dataset0011;4;0.75;2.5;5.75;3.5;6.5;0.75;0.006654;67050;6739
dataset0011;5;0.75;2.5;4.75;3.5;5.5;0.75;0.000802;13929;1158
dataset0011;1;1.75;5.5;7.75;6.5;9.5;1.75;0.004324;33125;3249
dataset0011;2;1.75;5.5;6.75;6.5;8.5;1.75;0.078964;125086;13345
dataset0011;3;1.75;5.5;5.75;6.5;7.5;1.75;0.194204;237100;27244
dataset0011;4;1.75;5.5;4.75;6.5;6.5;1.75;0.11499;209534;22770
dataset0011;5;1.75;5.5;3.75;6.5;5.5;1.75;0.011386;29123;2926
dataset0011;1;0.25;2.25;6.0;2.5;7.0;0.25;7e-05;7088;527
dataset0011;2;0.25;2.5;6.0;2.75;7.0;0.25;0.000278;7088;548
dataset0011;3;0.25;7.25;6.0;7.5;7.0;0.25;0.00033;4425;291
dataset0011;4;0.25;7.5;6.0;7.75;7.0;0.25;7.2e-05;4425;301
dataset0011;5;0.25;5.25;6.0;5.5;7.0;0.25;0.083534;141095;15690
dataset0011;1;1.25;1.5;3.5;2.75;4.5;1.25;0.0;69;5
dataset0011;2;1.25;2.5;4.5;3.75;5.5;1.25;0.00184;13929;1174
dataset0011;3;1.25;3.5;5.5;4.75;6.5;1.25;0.162424;237983;26233
dataset0011;4;1.25;4.5;6.5;5.75;7.5;1.25;0.29149;200794;22948
dataset0011;5;1.25;5.5;7.5;6.75;8.5;1.25;0.011578;35473;3411
dataset0011;1;2.25;1.5;6.0;3.75;7.0;2.25;0.02315;59401;6127
dataset0011;2;2.25;6.25;6.0;8.5;7.0;2.25;0.02358;43741;4417
dataset0011;3;2.25;4.5;3.5;5.5;5.75;2.25;0.058274;48970;5167
dataset0011;4;2.25;4.5;7.25;5.5;9.5;2.25;0.058698;56158;5834
dataset0011;5;2.15;3.85;6.0;6.0;7.0;2.15;0.532312;387910;43534
dataset0011;1;2.5;1.5;3.5;2.5;6.0;2.5;5e-05;3469;270
dataset0011;2;2.5;7.5;3.5;8.5;6.0;2.5;2.2e-05;2179;158
dataset0011;3;2.5;1.5;7.0;2.5;9.5;2.5;3.6e-05;3788;288
dataset0011;4;2.5;7.5;7.0;8.5;9.5;2.5;3.4e-05;2348;156
dataset0011;5;2.5;4.0;6.0;6.5;7.0;2.5;0.551778;387910;43410
dataset0012;1;1.0;2.0;8.0;3.0;9.0;1.0;1.6e-05;69;19
dataset0012;2;1.0;3.0;7.0;4.0;8.0;1.0;0.014606;35660;3968
dataset0012;3;1.0;4.0;6.0;5.0;7.0;1.0;0.252866;187612;23785
dataset0012;4;1.0;5.0;5.0;6.0;6.0;1.0;0.082914;208971;25329
dataset0012;5;1.0;6.0;4.0;7.0;5.0;1.0;0.000472;2176;203
dataset0012;1;0.5;6.5;3.5;7.5;4.0;0.5;0.0;2176;180
dataset0012;2;0.5;6.5;4.5;7.5;5.0;0.5;0.0001;2176;182
dataset0012;3;0.5;6.5;5.5;7.5;6.0;0.5;0.002444;28759;3124
dataset0012;4;0.5;6.5;6.5;7.5;7.0;0.5;0.004918;24202;2776
dataset0012;5;0.5;6.5;7.5;7.5;8.0;0.5;0.0006;12018;1171
dataset0012;1;2.0;2.0;4.0;4.0;5.0;2.0;0.000456;2317;213
dataset0012;2;2.0;6.0;4.0;8.0;5.0;2.0;0.00049;2176;182
dataset0012;3;2.0;2.0;8.0;4.0;9.0;2.0;0.000494;2930;235
dataset0012;4;2.0;6.0;8.0;8.0;9.0;2.0;0.000472;2817;240
dataset0012;5;2.0;4.5;5.5;5.5;7.5;2.0;0.477358;368229;47461
dataset0012;1;1.5;3.5;3.5;4.5;5.0;1.5;0.001366;2269;215
dataset0012;2;1.5;3.5;4.5;4.5;6.0;1.5;0.044392;120329;14290
dataset0012;3;1.5;3.5;5.5;4.5;7.0;1.5;0.164328;213729;26051
dataset0012;4;1.5;3.5;6.5;4.5;8.0;1.5;0.108802;128568;15267
dataset0012;5;1.5;3.5;7.5;4.5;9.0;1.5;0.01061;32899;3610
dataset0012;1;0.75;2.5;8.75;3.5;9.5;0.75;2e-06;2930;230
dataset0012;2;0.75;2.5;7.75;3.5;8.5;0.75;0.0003;12961;1214
dataset0012;3;0.75;2.5;6.75;3.5;7.5;0.75;0.004624;32730;3573
dataset0012;4;0.75;2.5;5.75;3.5;6.5;0.75;0.006304;56106;6079
dataset0012;5;0.75;2.5;4.75;3.5;5.5;0.75;0.000714;11226;981
dataset0012;1;1.75;5.5;7.75;6.5;9.5;1.75;0.004138;31797;3510
dataset0012;2;1.75;5.5;6.75;6.5;8.5;1.75;0.075256;125054;14556
dataset0012;3;1.75;5.5;5.75;6.5;7.5;1.75;0.187416;236587;28748
dataset0012;4;1.75;5.5;4.75;6.5;6.5;1.75;0.109984;209675;25616
dataset0012;5;1.75;5.5;3.75;6.5;5.5;1.75;0.010796;27478;3093
dataset0012;1;0.25;2.25;6.0;2.5;7.0;0.25;0.000108;5631;483
dataset0012;2;0.25;2.5;6.0;2.75;7.0;0.25;0.000278;5631;469
dataset0012;3;0.25;7.25;6.0;7.5;7.0;0.25;0.000296;4992;399
dataset0012;4;0.25;7.5;6.0;7.75;7.0;0.25;8.4e-05;4992;388
dataset0012;5;0.25;5.25;6.0;5.5;7.0;0.25;0.074272;140067;17164
dataset0012;1;1.25;1.5;3.5;2.75;4.5;1.25;0.0;48;5
dataset0012;2;1.25;2.5;4.5;3.75;5.5;1.25;0.001736;11226;1095
dataset0012;3;1.25;3.5;5.5;4.75;6.5;1.25;0.155544;213729;26228
dataset0012;4;1.25;4.5;6.5;5.75;7.5;1.25;0.280784;190046;23532
dataset0012;5;1.25;5.5;7.5;6.75;8.5;1.25;0.010904;34481;3765
dataset0012;1;2.25;1.5;6.0;3.75;7.0;2.25;0.022074;49902;5418
dataset0012;2;2.25;6.25;6.0;8.5;7.0;2.25;0.022458;47122;5463
dataset0012;3;2.25;4.5;3.5;5.5;5.75;2.25;0.055582;43821;4836
dataset0012;4;2.25;4.5;7.25;5.5;9.5;2.25;0.0555;51015;5752
dataset0012;5;2.15;3.85;6.0;6.0;7.0;2.15;0.520922;369809;45383
dataset0012;1;2.5;1.5;3.5;2.5;6.0;2.5;4.2e-05;2753;236
dataset0012;2;2.5;7.5;3.5;8.5;6.0;2.5;2.6e-05;2416;193
dataset0012;3;2.5;1.5;7.0;2.5;9.5;2.5;2.6e-05;2995;249
dataset0012;4;2.5;7.5;7.0;8.5;9.5;2.5;3.8e-05;2684;224
dataset0012;5;2.5;4.0;6.0;6.5;7.0;2.5;0.541356;369809;46125
dataset0013;1;1.0;2.0;8.0;3.0;9.0;1.0;0.025308;32767;3752
dataset0013;2;1.0;3.0;7.0;4.0;8.0;1.0;0.025308;131069;14690
dataset0013;3;1.0;4.0;6.0;5.0;7.0;1.0;0.02531;65534;7755
dataset0013;4;1.0;5.0;5.0;6.0;6.0;1.0;0.025142;131068;15150
dataset0013;5;1.0;6.0;4.0;7.0;5.0;1.0;0.025308;65534;7253
dataset0013;1;0.5;6.5;3.5;7.5;4.0;0.5;0.012726;65534;7205
dataset0013;2;0.5;6.5;4.5;7.5;5.0;0.5;0.012728;65534;7132
dataset0013;3;0.5;6.5;5.5;7.5;6.0;0.5;0.012728;65534;7380
dataset0013;4;0.5;6.5;6.5;7.5;7.0;0.5;0.012726;131068;14651
dataset0013;5;0.5;6.5;7.5;7.5;8.0;0.5;0.012728;106780;11727
dataset0013;1;2.0;2.0;4.0;4.0;5.0;2.0;0.050274;65534;7593
dataset0013;2;2.0;6.0;4.0;8.0;5.0;2.0;0.050274;65534;7266
dataset0013;3;2.0;2.0;8.0;4.0;9.0;2.0;0.050272;65534;7428
dataset0013;4;2.0;6.0;8.0;8.0;9.0;2.0;0.032322;41246;4575
dataset0013;5;2.0;4.5;5.5;5.5;7.5;2.0;0.050614;131068;14697
dataset0013;1;1.5;3.5;3.5;4.5;5.0;1.5;0.037888;32767;3950
dataset0013;2;1.5;3.5;4.5;4.5;6.0;1.5;0.038036;65534;7618
dataset0013;3;1.5;3.5;5.5;4.5;7.0;1.5;0.038036;65534;7577
dataset0013;4;1.5;3.5;6.5;4.5;8.0;1.5;0.037888;98301;10989
dataset0013;5;1.5;3.5;7.5;4.5;9.0;1.5;0.038036;65534;7377
dataset0013;1;0.75;2.5;8.75;3.5;9.5;0.75;0.018944;65534;7125
dataset0013;2;0.75;2.5;7.75;3.5;8.5;0.75;0.01909;131069;14398
dataset0013;3;0.75;2.5;6.75;3.5;7.5;0.75;0.019092;65535;7398
dataset0013;4;0.75;2.5;5.75;3.5;6.5;0.75;0.018944;65535;7565
dataset0013;5;0.75;2.5;4.75;3.5;5.5;0.75;0.01909;131069;15043
dataset0013;1;1.75;5.5;7.75;6.5;9.5;1.75;0.03478;57630;6487
dataset0013;2;1.75;5.5;6.75;6.5;8.5;1.75;0.0444;57630;6704
dataset0013;3;1.75;5.5;5.75;6.5;7.5;1.75;0.044252;65534;7486
dataset0013;4;1.75;5.5;4.75;6.5;6.5;1.75;0.044252;65534;7508
dataset0013;5;1.75;5.5;3.75;6.5;5.5;1.75;0.0444;65534;7529
dataset0013;1;0.25;2.25;6.0;2.5;7.0;0.25;0.006592;65536;7342
dataset0013;2;0.25;2.5;6.0;2.75;7.0;0.25;0.006536;65536;7423
dataset0013;3;0.25;7.25;6.0;7.5;7.0;0.25;0.006536;65534;7161
dataset0013;4;0.25;7.5;6.0;7.75;7.0;0.25;0.006598;65534;7894
dataset0013;5;0.25;5.25;6.0;5.5;7.0;0.25;0.006536;65534;7371
dataset0013;1;1.25;1.5;3.5;2.75;4.5;1.25;0.031462;32767;3622
dataset0013;2;1.25;2.5;4.5;3.75;5.5;1.25;0.031646;131069;14759
dataset0013;3;1.25;3.5;5.5;4.75;6.5;1.25;0.031464;32767;3791
dataset0013;4;1.25;4.5;6.5;5.75;7.5;1.25;0.031462;131068;14695
dataset0013;5;1.25;5.5;7.5;6.75;8.5;1.25;0.031648;57630;6389
dataset0013;1;2.25;1.5;6.0;3.75;7.0;2.25;0.056756;131070;14687
dataset0013;2;2.25;6.25;6.0;8.5;7.0;2.25;0.056758;131068;14512
dataset0013;3;2.25;4.5;3.5;5.5;5.75;2.25;0.056828;131068;14716
dataset0013;4;2.25;4.5;7.25;5.5;9.5;2.25;0.05267;123164;13568
dataset0013;5;2.15;3.85;6.0;6.0;7.0;2.15;0.054354;131068;15338
dataset0013;1;2.5;1.5;3.5;2.5;6.0;2.5;0.062824;65535;7678
dataset0013;2;2.5;7.5;3.5;8.5;6.0;2.5;0.062836;65534;7116
dataset0013;3;2.5;1.5;7.0;2.5;9.5;2.5;0.062836;65535;7445
dataset0013;4;2.5;7.5;7.0;8.5;9.5;2.5;0.044008;49150;5330
dataset0013;5;2.5;4.0;6.0;6.5;7.0;2.5;0.063148;131068;14895
dataset0014;1;1.0;2.0;8.0;3.0;9.0;1.0;0.025308;32767;3731
dataset0014;2;1.0;3.0;7.0;4.0;8.0;1.0;0.025308;131068;14895
dataset0014;3;1.0;4.0;6.0;5.0;7.0;1.0;0.025292;131068;14712
dataset0014;4;1.0;5.0;5.0;6.0;6.0;1.0;0.025182;65534;7232
dataset0014;5;1.0;6.0;4.0;7.0;5.0;1.0;0.025308;65535;7356
dataset0014;1;0.5;6.5;3.5;7.5;4.0;0.5;0.012728;65535;7222
dataset0014;2;0.5;6.5;4.5;7.5;5.0;0.5;0.012728;65535;7317
dataset0014;3;0.5;6.5;5.5;7.5;6.0;0.5;0.012728;65534;7366
dataset0014;4;0.5;6.5;6.5;7.5;7.0;0.5;0.012726;65534;7436
dataset0014;5;0.5;6.5;7.5;7.5;8.0;0.5;0.012728;106782;11960
dataset0014;1;2.0;2.0;4.0;4.0;5.0;2.0;0.050274;65534;7629
dataset0014;2;2.0;6.0;4.0;8.0;5.0;2.0;0.050274;65535;7492
dataset0014;3;2.0;2.0;8.0;4.0;9.0;2.0;0.050272;65534;7611
dataset0014;4;2.0;6.0;8.0;8.0;9.0;2.0;0.032324;41248;4447
dataset0014;5;2.0;4.5;5.5;5.5;7.5;2.0;0.050614;131068;14785
dataset0014;1;1.5;3.5;3.5;4.5;5.0;1.5;0.037888;32767;3858
dataset0014;2;1.5;3.5;4.5;4.5;6.0;1.5;0.038036;65534;7735
dataset0014;3;1.5;3.5;5.5;4.5;7.0;1.5;0.038036;65534;7494
dataset0014;4;1.5;3.5;6.5;4.5;8.0;1.5;0.037888;65534;7589
dataset0014;5;1.5;3.5;7.5;4.5;9.0;1.5;0.038036;65534;7484
dataset0014;1;0.75;2.5;8.75;3.5;9.5;0.75;0.018944;65534;7639
dataset0014;2;0.75;2.5;7.75;3.5;8.5;0.75;0.01909;131068;14831
dataset0014;3;0.75;2.5;6.75;3.5;7.5;0.75;0.019092;65534;7488
dataset0014;4;0.75;2.5;5.75;3.5;6.5;0.75;0.018944;131068;14845
dataset0014;5;0.75;2.5;4.75;3.5;5.5;0.75;0.01909;131068;14717
dataset0014;1;1.75;5.5;7.75;6.5;9.5;1.75;0.03478;57630;6385
dataset0014;2;1.75;5.5;6.75;6.5;8.5;1.75;0.0444;57630;6454
dataset0014;3;1.75;5.5;5.75;6.5;7.5;1.75;0.044252;65534;7322
dataset0014;4;1.75;5.5;4.75;6.5;6.5;1.75;0.044252;98301;11838
dataset0014;5;1.75;5.5;3.75;6.5;5.5;1.75;0.0444;65534;7157
dataset0014;1;0.25;2.25;6.0;2.5;7.0;0.25;0.006584;65534;7186
dataset0014;2;0.25;2.5;6.0;2.75;7.0;0.25;0.006536;65534;7831
dataset0014;3;0.25;7.25;6.0;7.5;7.0;0.25;0.006536;65534;7968
dataset0014;4;0.25;7.5;6.0;7.75;7.0;0.25;0.006598;65534;7254
dataset0014;5;0.25;5.25;6.0;5.5;7.0;0.25;0.006536;65534;7193
dataset0014;1;1.25;1.5;3.5;2.75;4.5;1.25;0.031462;32767;3763
dataset0014;2;1.25;2.5;4.5;3.75;5.5;1.25;0.031646;131068;14867
dataset0014;3;1.25;3.5;5.5;4.75;6.5;1.25;0.031464;65534;7436
dataset0014;4;1.25;4.5;6.5;5.75;7.5;1.25;0.031462;65534;7245
dataset0014;5;1.25;5.5;7.5;6.75;8.5;1.25;0.031648;106782;12083
dataset0014;1;2.25;1.5;6.0;3.75;7.0;2.25;0.056756;131068;14698
dataset0014;2;2.25;6.25;6.0;8.5;7.0;2.25;0.056758;131068;14894
dataset0014;3;2.25;4.5;3.5;5.5;5.75;2.25;0.056828;131068;14627
dataset0014;4;2.25;4.5;7.25;5.5;9.5;2.25;0.05267;123164;13969
dataset0014;5;2.15;3.85;6.0;6.0;7.0;2.15;0.054342;131068;14740
dataset0014;1;2.5;1.5;3.5;2.5;6.0;2.5;0.062808;65534;7387
dataset0014;2;2.5;7.5;3.5;8.5;6.0;2.5;0.062842;65535;7547
dataset0014;3;2.5;1.5;7.0;2.5;9.5;2.5;0.062818;65534;7441
dataset0014;4;2.5;7.5;7.0;8.5;9.5;2.5;0.044002;49152;5528
dataset0014;5;2.5;4.0;6.0;6.5;7.0;2.5;0.06313;131068;14777
dataset0015;1;1.0;2.0;8.0;3.0;9.0;1.0;0.025308;32769;3690
dataset0015;2;1.0;3.0;7.0;4.0;8.0;1.0;0.025308;131071;14413
dataset0015;3;1.0;4.0;6.0;5.0;7.0;1.0;0.02532;65534;7338
dataset0015;4;1.0;5.0;5.0;6.0;6.0;1.0;0.025152;131070;14473
dataset0015;5;1.0;6.0;4.0;7.0;5.0;1.0;0.025308;65534;7307
dataset0015;1;0.5;6.5;3.5;7.5;4.0;0.5;0.012726;65534;7223
dataset0015;2;0.5;6.5;4.5;7.5;5.0;0.5;0.012728;65534;7558
dataset0015;3;0.5;6.5;5.5;7.5;6.0;0.5;0.012728;65534;7320
dataset0015;4;0.5;6.5;6.5;7.5;7.0;0.5;0.012726;65535;7332
dataset0015;5;0.5;6.5;7.5;7.5;8.0;0.5;0.012728;106781;11813
dataset0015;1;2.0;2.0;4.0;4.0;5.0;2.0;0.050274;65536;7162
dataset0015;2;2.0;6.0;4.0;8.0;5.0;2.0;0.050274;65534;7426
dataset0015;3;2.0;2.0;8.0;4.0;9.0;2.0;0.050272;65536;7232
dataset0015;4;2.0;6.0;8.0;8.0;9.0;2.0;0.032322;41246;5508
dataset0015;5;2.0;4.5;5.5;5.5;7.5;2.0;0.050616;131069;14667
dataset0015;1;1.5;3.5;3.5;4.5;5.0;1.5;0.037888;32769;3636
dataset0015;2;1.5;3.5;4.5;4.5;6.0;1.5;0.038036;65536;7325
dataset0015;3;1.5;3.5;5.5;4.5;7.0;1.5;0.038036;65534;7364
dataset0015;4;1.5;3.5;6.5;4.5;8.0;1.5;0.037888;65534;7260
dataset0015;5;1.5;3.5;7.5;4.5;9.0;1.5;0.038036;65534;7312
dataset0015;1;0.75;2.5;8.75;3.5;9.5;0.75;0.018944;65536;7254
dataset0015;2;0.75;2.5;7.75;3.5;8.5;0.75;0.01909;131071;14398
dataset0015;3;0.75;2.5;6.75;3.5;7.5;0.75;0.019092;65535;7104
dataset0015;4;0.75;2.5;5.75;3.5;6.5;0.75;0.018944;131069;14120
dataset0015;5;0.75;2.5;4.75;3.5;5.5;0.75;0.01909;131070;14290
dataset0015;1;1.75;5.5;7.75;6.5;9.5;1.75;0.03478;57631;6545
dataset0015;2;1.75;5.5;6.75;6.5;8.5;1.75;0.0444;57631;6616
dataset0015;3;1.75;5.5;5.75;6.5;7.5;1.75;0.044252;65535;7268
dataset0015;4;1.75;5.5;4.75;6.5;6.5;1.75;0.044252;98302;11051
dataset0015;5;1.75;5.5;3.75;6.5;5.5;1.75;0.0444;65534;7267
dataset0015;1;0.25;2.25;6.0;2.5;7.0;0.25;0.006558;65535;7065
dataset0015;2;0.25;2.5;6.0;2.75;7.0;0.25;0.006536;65535;7127
dataset0015;3;0.25;7.25;6.0;7.5;7.0;0.25;0.006536;65534;7150
dataset0015;4;0.25;7.5;6.0;7.75;7.0;0.25;0.006618;65534;7040
dataset0015;5;0.25;5.25;6.0;5.5;7.0;0.25;0.006536;65535;7309
dataset0015;1;1.25;1.5;3.5;2.75;4.5;1.25;0.031462;32767;3540
dataset0015;2;1.25;2.5;4.5;3.75;5.5;1.25;0.031646;131070;14588
dataset0015;3;1.25;3.5;5.5;4.75;6.5;1.25;0.031464;65534;7363
dataset0015;4;1.25;4.5;6.5;5.75;7.5;1.25;0.031464;65535;7393
dataset0015;5;1.25;5.5;7.5;6.75;8.5;1.25;0.031648;57631;6553
dataset0015;1;2.25;1.5;6.0;3.75;7.0;2.25;0.056756;131069;14417
dataset0015;2;2.25;6.25;6.0;8.5;7.0;2.25;0.056758;131069;14683
dataset0015;3;2.25;4.5;3.5;5.5;5.75;2.25;0.056828;131070;14651
dataset0015;4;2.25;4.5;7.25;5.5;9.5;2.25;0.05267;123165;13708
dataset0015;5;2.15;3.85;6.0;6.0;7.0;2.15;0.054372;131069;14737
dataset0015;1;2.5;1.5;3.5;2.5;6.0;2.5;0.062812;65534;8489
dataset0015;2;2.5;7.5;3.5;8.5;6.0;2.5;0.06284;65534;7318
dataset0015;3;2.5;1.5;7.0;2.5;9.5;2.5;0.062806;65537;7272
dataset0015;4;2.5;7.5;7.0;8.5;9.5;2.5;0.043998;49150;5344
dataset0015;5;2.5;4.0;6.0;6.5;7.0;2.5;0.06316;131069;15761
dataset0001;1;1.0;2.0;8.0;3.0;9.0;1.0;0.0;0;0
dataset0001;2;1.0;3.0;7.0;4.0;8.0;1.0;0.00063;50239;4113
dataset0001;3;1.0;4.0;6.0;5.0;7.0;1.0;0.042906;120428;8806
dataset0001;4;1.0;5.0;5.0;6.0;6.0;1.0;0.0;40228;2708
dataset0001;5;1.0;6.0;4.0;7.0;5.0;1.0;0.039506;119784;8555
dataset0001;1;0.5;6.5;3.5;7.5;4.0;0.5;0.071334;63742;4781
dataset0001;2;0.5;6.5;4.5;7.5;5.0;0.5;0.027878;56042;3906
dataset0001;3;0.5;6.5;5.5;7.5;6.0;0.5;0.006968;40044;2803
dataset0001;4;0.5;6.5;6.5;7.5;7.0;0.5;0.0;39938;2770
dataset0001;5;0.5;6.5;7.5;7.5;8.0;0.5;0.0;9963;673
dataset0001;1;2.0;2.0;4.0;4.0;5.0;2.0;0.089992;160554;11523
dataset0001;2;2.0;6.0;4.0;8.0;5.0;2.0;0.088966;159657;11292
dataset0001;3;2.0;2.0;8.0;4.0;9.0;2.0;0.0;9977;644
dataset0001;4;2.0;6.0;8.0;8.0;9.0;2.0;0.0;9963;707
dataset0001;5;2.0;4.5;5.5;5.5;7.5;2.0;0.048308;140368;9813
dataset0001;1;1.5;3.5;3.5;4.5;5.0;1.5;0.124228;99914;7362
dataset0001;2;1.5;3.5;4.5;4.5;6.0;1.5;0.030642;36222;2519
dataset0001;3;1.5;3.5;5.5;4.5;7.0;1.5;0.051856;60323;4403
dataset0001;4;1.5;3.5;6.5;4.5;8.0;1.5;0.025602;50239;3530
dataset0001;5;1.5;3.5;7.5;4.5;9.0;1.5;0.002766;9977;655
dataset0001;1;0.75;2.5;8.75;3.5;9.5;0.75;0.0;0;0
dataset0001;2;0.75;2.5;7.75;3.5;8.5;0.75;0.0;9977;645
dataset0001;3;0.75;2.5;6.75;3.5;7.5;0.75;0.0;50239;3519
dataset0001;4;0.75;2.5;5.75;3.5;6.5;0.75;0.010866;80418;5594
dataset0001;5;0.75;2.5;4.75;3.5;5.5;0.75;0.042956;56467;3937
dataset0001;1;1.75;5.5;7.75;6.5;9.5;1.75;0.00055;9963;641
dataset0001;2;1.75;5.5;6.75;6.5;8.5;1.75;0.019884;49901;3616
dataset0001;3;1.75;5.5;5.75;6.5;7.5;1.75;0.057836;70068;4968
dataset0001;4;1.75;5.5;4.75;6.5;6.5;1.75;0.063016;76000;5454
dataset0001;5;1.75;5.5;3.75;6.5;5.5;1.75;0.074996;99915;7058
dataset0001;1;0.25;2.25;6.0;2.5;7.0;0.25;0.0;20095;1537
dataset0001;2;0.25;2.5;6.0;2.75;7.0;0.25;0.0;20095;1524
dataset0001;3;0.25;7.25;6.0;7.5;7.0;0.25;0.0;19877;1355
dataset0001;4;0.25;7.5;6.0;7.75;7.0;0.25;0.0;19877;1410
dataset0001;5;0.25;5.25;6.0;5.5;7.0;0.25;0.011178;60105;4160
dataset0001;1;1.25;1.5;3.5;2.75;4.5;1.25;0.119866;80287;5927
dataset0001;2;1.25;2.5;4.5;3.75;5.5;1.25;0.055898;56467;4036
dataset0001;3;1.25;3.5;5.5;4.75;6.5;1.25;0.045716;60323;4401
dataset0001;4;1.25;4.5;6.5;5.75;7.5;1.25;0.023592;100140;7147
dataset0001;5;1.25;5.5;7.5;6.75;8.5;1.25;0.002776;9963;667
dataset0001;1;2.25;1.5;6.0;3.75;7.0;2.25;0.019338;80418;5789
dataset0001;2;2.25;6.25;6.0;8.5;7.0;2.25;0.01931;79982;5587
dataset0001;3;2.25;4.5;3.5;5.5;5.75;2.25;0.075162;119858;9979
dataset0001;4;2.25;4.5;7.25;5.5;9.5;2.25;0.02583;100140;8064
dataset0001;5;2.15;3.85;6.0;6.0;7.0;2.15;0.093554;120428;8815
dataset0001;1;2.5;1.5;3.5;2.5;6.0;2.5;0.094858;100382;7238
dataset0001;2;2.5;7.5;3.5;8.5;6.0;2.5;0.09395;99630;7115
dataset0001;3;2.5;1.5;7.0;2.5;9.5;2.5;0.0;0;2
dataset0001;4;2.5;7.5;7.0;8.5;9.5;2.5;0.0;0;0
dataset0001;5;2.5;4.0;6.0;6.5;7.0;2.5;0.111756;120428;8970
dataset0002;1;1.0;2.0;8.0;3.0;9.0;1.0;0.0;0;0
dataset0002;2;1.0;3.0;7.0;4.0;8.0;1.0;0.00082;13474;1150
dataset0002;3;1.0;4.0;6.0;5.0;7.0;1.0;0.043782;126516;11622
dataset0002;4;1.0;5.0;5.0;6.0;6.0;1.0;3e-05;28494;2332
dataset0002;5;1.0;6.0;4.0;7.0;5.0;1.0;0.042058;134201;14037
dataset0002;1;0.5;6.5;3.5;7.5;4.0;0.5;0.074568;65795;6840
dataset0002;2;0.5;6.5;4.5;7.5;5.0;0.5;0.029588;68406;6109
dataset0002;3;0.5;6.5;5.5;7.5;6.0;0.5;0.007846;48509;4289
dataset0002;4;0.5;6.5;6.5;7.5;7.0;0.5;0.0;21170;2070
dataset0002;5;0.5;6.5;7.5;7.5;8.0;0.5;0.0;9219;815
dataset0002;1;2.0;2.0;4.0;4.0;5.0;2.0;0.092978;174907;17452
dataset0002;2;2.0;6.0;4.0;8.0;5.0;2.0;0.09269;174226;17182
dataset0002;3;2.0;2.0;8.0;4.0;9.0;2.0;0.0;9514;816
dataset0002;4;2.0;6.0;8.0;8.0;9.0;2.0;0.0;9219;782
dataset0002;5;2.0;4.5;5.5;5.5;7.5;2.0;0.051528;123925;11168
dataset0002;1;1.5;3.5;3.5;4.5;5.0;1.5;0.127744;112513;11174
dataset0002;2;1.5;3.5;4.5;4.5;6.0;1.5;0.031442;46398;3976
dataset0002;3;1.5;3.5;5.5;4.5;7.0;1.5;0.053052;73801;6793
dataset0002;4;1.5;3.5;6.5;4.5;8.0;1.5;0.02583;55057;5137
dataset0002;5;1.5;3.5;7.5;4.5;9.0;1.5;0.003074;9514;791
dataset0002;1;0.75;2.5;8.75;3.5;9.5;0.75;0.0;0;0
dataset0002;2;0.75;2.5;7.75;3.5;8.5;0.75;0.0;9514;810
dataset0002;3;0.75;2.5;6.75;3.5;7.5;0.75;0.0;30864;2773
dataset0002;4;0.75;2.5;5.75;3.5;6.5;0.75;0.011732;65794;6244
dataset0002;5;0.75;2.5;4.75;3.5;5.5;0.75;0.044276;68318;6072
dataset0002;1;1.75;5.5;7.75;6.5;9.5;1.75;0.000678;9219;815
dataset0002;2;1.75;5.5;6.75;6.5;8.5;1.75;0.022342;54584;5002
dataset0002;3;1.75;5.5;5.75;6.5;7.5;1.75;0.059084;83078;7511
dataset0002;4;1.75;5.5;4.75;6.5;6.5;1.75;0.064668;81255;7421
dataset0002;5;1.75;5.5;3.75;6.5;5.5;1.75;0.077372;112345;10942
dataset0002;1;0.25;2.25;6.0;2.5;7.0;0.25;0.0;20146;2092
dataset0002;2;0.25;2.5;6.0;2.75;7.0;0.25;0.0;20146;2001
dataset0002;3;0.25;7.25;6.0;7.5;7.0;0.25;0.0;20041;1989
dataset0002;4;0.25;7.5;6.0;7.75;7.0;0.25;0.0;20041;1968
dataset0002;5;0.25;5.25;6.0;5.5;7.0;0.25;0.013006;52715;4558
dataset0002;1;1.25;1.5;3.5;2.75;4.5;1.25;0.121276;83657;8525
dataset0002;2;1.25;2.5;4.5;3.75;5.5;1.25;0.05679;68318;6241
dataset0002;3;1.25;3.5;5.5;4.75;6.5;1.25;0.047932;63160;6656
dataset0002;4;1.25;4.5;6.5;5.75;7.5;1.25;0.024922;67173;6093
dataset0002;5;1.25;5.5;7.5;6.75;8.5;1.25;0.002872;9219;778
dataset0002;1;2.25;1.5;6.0;3.75;7.0;2.25;0.02033;69728;6552
dataset0002;2;2.25;6.25;6.0;8.5;7.0;2.25;0.01963;69679;6392
dataset0002;3;2.25;4.5;3.5;5.5;5.75;2.25;0.079972;139428;13310
dataset0002;4;2.25;4.5;7.25;5.5;9.5;2.25;0.027104;32210;2571
dataset0002;5;2.15;3.85;6.0;6.0;7.0;2.15;0.095678;147660;13528
dataset0002;1;2.5;1.5;3.5;2.5;6.0;2.5;0.09749;103777;10517
dataset0002;2;2.5;7.5;3.5;8.5;6.0;2.5;0.09623;103174;10341
dataset0002;3;2.5;1.5;7.0;2.5;9.5;2.5;0.0;26;4
dataset0002;4;2.5;7.5;7.0;8.5;9.5;2.5;0.0;26;2
dataset0002;5;2.5;4.0;6.0;6.5;7.0;2.5;0.113196;147660;13422
dataset0003;1;1.0;2.0;8.0;3.0;9.0;1.0;0.0;0;0
dataset0003;2;1.0;3.0;7.0;4.0;8.0;1.0;0.000664;50666;5052
dataset0003;3;1.0;4.0;6.0;5.0;7.0;1.0;0.043302;62253;6222
dataset0003;4;1.0;5.0;5.0;6.0;6.0;1.0;0.0;43337;3798
dataset0003;5;1.0;6.0;4.0;7.0;5.0;1.0;0.039556;123230;11712
dataset0003;1;0.5;6.5;3.5;7.5;4.0;0.5;0.07209;64446;6625
dataset0003;2;0.5;6.5;4.5;7.5;5.0;0.5;0.02815;58784;5240
dataset0003;3;0.5;6.5;5.5;7.5;6.0;0.5;0.006938;41711;3657
dataset0003;4;0.5;6.5;6.5;7.5;7.0;0.5;0.0;40259;3903
dataset0003;5;0.5;6.5;7.5;7.5;8.0;0.5;0.0;10003;889
dataset0003;1;2.0;2.0;4.0;4.0;5.0;2.0;0.08845;162789;15829
dataset0003;2;2.0;6.0;4.0;8.0;5.0;2.0;0.089046;163595;15875
dataset0003;3;2.0;2.0;8.0;4.0;9.0;2.0;0.0;9929;918
dataset0003;4;2.0;6.0;8.0;8.0;9.0;2.0;0.0;10003;878
dataset0003;5;2.0;4.5;5.5;5.5;7.5;2.0;0.04893;144265;13615
dataset0003;1;1.5;3.5;3.5;4.5;5.0;1.5;0.12408;102398;10217
dataset0003;2;1.5;3.5;4.5;4.5;6.0;1.5;0.030474;38075;3416
dataset0003;3;1.5;3.5;5.5;4.5;7.0;1.5;0.05101;62253;6027
dataset0003;4;1.5;3.5;6.5;4.5;8.0;1.5;0.025408;50666;4919
dataset0003;5;1.5;3.5;7.5;4.5;9.0;1.5;0.00264;9929;846
dataset0003;1;0.75;2.5;8.75;3.5;9.5;0.75;0.0;0;0
dataset0003;2;0.75;2.5;7.75;3.5;8.5;0.75;0.0;9929;880
dataset0003;3;0.75;2.5;6.75;3.5;7.5;0.75;0.0;50666;4824
dataset0003;4;0.75;2.5;5.75;3.5;6.5;0.75;0.011;82348;8053
dataset0003;5;0.75;2.5;4.75;3.5;5.5;0.75;0.042664;58608;5271
dataset0003;1;1.75;5.5;7.75;6.5;9.5;1.75;0.000484;10003;858
dataset0003;2;1.75;5.5;6.75;6.5;8.5;1.75;0.0197;50262;5034
dataset0003;3;1.75;5.5;5.75;6.5;7.5;1.75;0.058018;72083;6939
dataset0003;4;1.75;5.5;4.75;6.5;6.5;1.75;0.062652;78522;7330
dataset0003;5;1.75;5.5;3.75;6.5;5.5;1.75;0.074488;102451;9864
dataset0003;1;0.25;2.25;6.0;2.5;7.0;0.25;0.0;20095;1970
dataset0003;2;0.25;2.5;6.0;2.75;7.0;0.25;0.0;20095;1971
dataset0003;3;0.25;7.25;6.0;7.5;7.0;0.25;0.0;19890;1846
dataset0003;4;0.25;7.5;6.0;7.75;7.0;0.25;0.0;19890;1797
dataset0003;5;0.25;5.25;6.0;5.5;7.0;0.25;0.01133;62080;5772
dataset0003;1;1.25;1.5;3.5;2.75;4.5;1.25;0.118514;80781;7977
dataset0003;2;1.25;2.5;4.5;3.75;5.5;1.25;0.05559;58608;5409
dataset0003;3;1.25;3.5;5.5;4.75;6.5;1.25;0.045048;62253;6126
dataset0003;4;1.25;4.5;6.5;5.75;7.5;1.25;0.024082;100928;9726
dataset0003;5;1.25;5.5;7.5;6.75;8.5;1.25;0.002644;10003;903
dataset0003;1;2.25;1.5;6.0;3.75;7.0;2.25;0.01913;82348;8064
dataset0003;2;2.25;6.25;6.0;8.5;7.0;2.25;0.018838;81970;8063
dataset0003;3;2.25;4.5;3.5;5.5;5.75;2.25;0.075404;123897;12245
dataset0003;4;2.25;4.5;7.25;5.5;9.5;2.25;0.026216;100928;9712
dataset0003;5;2.15;3.85;6.0;6.0;7.0;2.15;0.094018;124333;12430
dataset0003;1;2.5;1.5;3.5;2.5;6.0;2.5;0.093976;100876;9935
dataset0003;2;2.5;7.5;3.5;8.5;6.0;2.5;0.094416;101219;9885
dataset0003;3;2.5;1.5;7.0;2.5;9.5;2.5;0.0;0;2
dataset0003;4;2.5;7.5;7.0;8.5;9.5;2.5;0.0;0;2
dataset0003;5;2.5;4.0;6.0;6.5;7.0;2.5;0.112082;124333;12181
dataset0004;1;1.0;2.0;8.0;3.0;9.0;1.0;0.0;15028;1410
dataset0004;2;1.0;3.0;7.0;4.0;8.0;1.0;0.001604;15028;1162
dataset0004;3;1.0;4.0;6.0;5.0;7.0;1.0;0.073076;125891;9735
dataset0004;4;1.0;5.0;5.0;6.0;6.0;1.0;0.009978;15088;1166
dataset0004;5;1.0;6.0;4.0;7.0;5.0;1.0;6.6e-05;15088;1123
dataset0004;1;0.5;6.5;3.5;7.5;4.0;0.5;0.0;15088;1084
dataset0004;2;0.5;6.5;4.5;7.5;5.0;0.5;6e-06;15088;1069
dataset0004;3;0.5;6.5;5.5;7.5;6.0;0.5;0.000402;15088;1101
dataset0004;4;0.5;6.5;6.5;7.5;7.0;0.5;0.004402;21293;1637
dataset0004;5;0.5;6.5;7.5;7.5;8.0;0.5;0.03368;115433;9163
dataset0004;1;2.0;2.0;4.0;4.0;5.0;2.0;0.144628;175634;14065
dataset0004;2;2.0;6.0;4.0;8.0;5.0;2.0;6.6e-05;15088;1152
dataset0004;3;2.0;2.0;8.0;4.0;9.0;2.0;6e-05;15028;1089
dataset0004;4;2.0;6.0;8.0;8.0;9.0;2.0;0.143866;117425;9415
dataset0004;5;2.0;4.5;5.5;5.5;7.5;2.0;0.131494;133702;10560
dataset0004;1;1.5;3.5;3.5;4.5;5.0;1.5;0.01706;65837;5044
dataset0004;2;1.5;3.5;4.5;4.5;6.0;1.5;0.11176;117665;9270
dataset0004;3;1.5;3.5;5.5;4.5;7.0;1.5;0.08821;118819;9307
dataset0004;4;1.5;3.5;6.5;4.5;8.0;1.5;0.012292;15028;1114
dataset0004;5;1.5;3.5;7.5;4.5;9.0;1.5;0.001364;15028;1111
dataset0004;1;0.75;2.5;8.75;3.5;9.5;0.75;0.0;15028;1069
dataset0004;2;0.75;2.5;7.75;3.5;8.5;0.75;2.4e-05;15028;1061
dataset0004;3;0.75;2.5;6.75;3.5;7.5;0.75;0.000938;15028;1073
dataset0004;4;0.75;2.5;5.75;3.5;6.5;0.75;0.008242;36431;2953
dataset0004;5;0.75;2.5;4.75;3.5;5.5;0.75;0.064856;115931;9242
dataset0004;1;1.75;5.5;7.75;6.5;9.5;1.75;0.027888;65769;4966
dataset0004;2;1.75;5.5;6.75;6.5;8.5;1.75;0.125296;117411;9238
dataset0004;3;1.75;5.5;5.75;6.5;7.5;1.75;0.090604;118692;10083
dataset0004;4;1.75;5.5;4.75;6.5;6.5;1.75;0.01286;66730;4905
dataset0004;5;1.75;5.5;3.75;6.5;5.5;1.75;0.001456;15088;1161
dataset0004;1;0.25;2.25;6.0;2.5;7.0;0.25;0.000322;28688;2093
dataset0004;2;0.25;2.5;6.0;2.75;7.0;0.25;0.000608;28688;2104
dataset0004;3;0.25;7.25;6.0;7.5;7.0;0.25;0.000702;28686;2083
dataset0004;4;0.25;7.5;6.0;7.75;7.0;0.25;0.000368;28686;2068
dataset0004;5;0.25;5.25;6.0;5.5;7.0;0.25;0.026724;59035;4504
dataset0004;1;1.25;1.5;3.5;2.75;4.5;1.25;0.127742;103910;8391
dataset0004;2;1.25;2.5;4.5;3.75;5.5;1.25;0.121998;115931;9289
dataset0004;3;1.25;3.5;5.5;4.75;6.5;1.25;0.107712;118819;9205
dataset0004;4;1.25;4.5;6.5;5.75;7.5;1.25;0.09297;66756;5199
dataset0004;5;1.25;5.5;7.5;6.75;8.5;1.25;0.078474;123214;9742
dataset0004;1;2.25;1.5;6.0;3.75;7.0;2.25;0.010264;36431;2575
dataset0004;2;2.25;6.25;6.0;8.5;7.0;2.25;0.010252;36381;2867
dataset0004;3;2.25;4.5;3.5;5.5;5.75;2.25;0.014744;80820;5981
dataset0004;4;2.25;4.5;7.25;5.5;9.5;2.25;0.015068;36616;2946
dataset0004;5;2.15;3.85;6.0;6.0;7.0;2.15;0.149432;133586;10400
dataset0004;1;2.5;1.5;3.5;2.5;6.0;2.5;0.126856;117570;9490
dataset0004;2;2.5;7.5;3.5;8.5;6.0;2.5;2.4e-05;15088;1073
dataset0004;3;2.5;1.5;7.0;2.5;9.5;2.5;2.6e-05;15028;1076
dataset0004;4;2.5;7.5;7.0;8.5;9.5;2.5;0.126476;117216;9422
dataset0004;5;2.5;4.0;6.0;6.5;7.0;2.5;0.154756;133586;10340
dataset0005;1;1.0;2.0;8.0;3.0;9.0;1.0;2e-06;16451;1712
dataset0005;2;1.0;3.0;7.0;4.0;8.0;1.0;0.001684;16451;1716
dataset0005;3;1.0;4.0;6.0;5.0;7.0;1.0;0.076988;133663;13919
dataset0005;4;1.0;5.0;5.0;6.0;6.0;1.0;0.010084;16315;1726
dataset0005;5;1.0;6.0;4.0;7.0;5.0;1.0;5.2e-05;16315;1636
dataset0005;1;0.5;6.5;3.5;7.5;4.0;0.5;0.0;16315;1675
dataset0005;2;0.5;6.5;4.5;7.5;5.0;0.5;6e-06;16315;1688
dataset0005;3;0.5;6.5;5.5;7.5;6.0;0.5;0.000378;16315;1657
dataset0005;4;0.5;6.5;6.5;7.5;7.0;0.5;0.004716;24207;2442
dataset0005;5;0.5;6.5;7.5;7.5;8.0;0.5;0.036328;60874;6409
dataset0005;1;2.0;2.0;4.0;4.0;5.0;2.0;0.148086;183735;19255
dataset0005;2;2.0;6.0;4.0;8.0;5.0;2.0;5.2e-05;16315;1804
dataset0005;3;2.0;2.0;8.0;4.0;9.0;2.0;7.2e-05;16451;1815
dataset0005;4;2.0;6.0;8.0;8.0;9.0;2.0;0.14762;184038;19429
dataset0005;5;2.0;4.5;5.5;5.5;7.5;2.0;0.136244;143318;14952
dataset0005;1;1.5;3.5;3.5;4.5;5.0;1.5;0.018046;70594;7316
dataset0005;2;1.5;3.5;4.5;4.5;6.0;1.5;0.115508;125666;13901
dataset0005;3;1.5;3.5;5.5;4.5;7.0;1.5;0.092044;126590;13322
dataset0005;4;1.5;3.5;6.5;4.5;8.0;1.5;0.012752;16451;1678
dataset0005;5;1.5;3.5;7.5;4.5;9.0;1.5;0.001388;16451;1672
dataset0005;1;0.75;2.5;8.75;3.5;9.5;0.75;0.0;16451;1625
dataset0005;2;0.75;2.5;7.75;3.5;8.5;0.75;2.6e-05;16451;1631
dataset0005;3;0.75;2.5;6.75;3.5;7.5;0.75;0.000916;16451;1677
dataset0005;4;0.75;2.5;5.75;3.5;6.5;0.75;0.008958;40800;4121
dataset0005;5;0.75;2.5;4.75;3.5;5.5;0.75;0.067412;122148;13739
dataset0005;1;1.75;5.5;7.75;6.5;9.5;1.75;0.030484;70846;7212
dataset0005;2;1.75;5.5;6.75;6.5;8.5;1.75;0.129748;125844;12837
dataset0005;3;1.75;5.5;5.75;6.5;7.5;1.75;0.09447;126626;13066
dataset0005;4;1.75;5.5;4.75;6.5;6.5;1.75;0.01316;71313;7165
dataset0005;5;1.75;5.5;3.75;6.5;5.5;1.75;0.001412;16315;1649
dataset0005;1;0.25;2.25;6.0;2.5;7.0;0.25;0.000406;31527;3116
dataset0005;2;0.25;2.5;6.0;2.75;7.0;0.25;0.000668;31527;3210
dataset0005;3;0.25;7.25;6.0;7.5;7.0;0.25;0.000696;31349;3127
dataset0005;4;0.25;7.5;6.0;7.75;7.0;0.25;0.000406;31349;3140
dataset0005;5;0.25;5.25;6.0;5.5;7.0;0.25;0.030014;62140;6531
dataset0005;1;1.25;1.5;3.5;2.75;4.5;1.25;0.128984;107520;11343
dataset0005;2;1.25;2.5;4.5;3.75;5.5;1.25;0.12516;122148;13046
dataset0005;3;1.25;3.5;5.5;4.75;6.5;1.25;0.11151;126590;13320
dataset0005;4;1.25;4.5;6.5;5.75;7.5;1.25;0.095486;71749;7649
dataset0005;5;1.25;5.5;7.5;6.75;8.5;1.25;0.08105;70846;7421
dataset0005;1;2.25;1.5;6.0;3.75;7.0;2.25;0.010796;40800;4084
dataset0005;2;2.25;6.25;6.0;8.5;7.0;2.25;0.010756;40522;4073
dataset0005;3;2.25;4.5;3.5;5.5;5.75;2.25;0.015682;87096;8825
dataset0005;4;2.25;4.5;7.25;5.5;9.5;2.25;0.015558;87282;8942
dataset0005;5;2.15;3.85;6.0;6.0;7.0;2.15;0.153508;142836;14670
dataset0005;1;2.5;1.5;3.5;2.5;6.0;2.5;0.128566;122596;12867
dataset0005;2;2.5;7.5;3.5;8.5;6.0;2.5;2.4e-05;16315;1700
dataset0005;3;2.5;1.5;7.0;2.5;9.5;2.5;2.6e-05;16451;1724
dataset0005;4;2.5;7.5;7.0;8.5;9.5;2.5;0.129176;122665;13056
dataset0005;5;2.5;4.0;6.0;6.5;7.0;2.5;0.158814;142836;15003
dataset0006;1;1.0;2.0;8.0;3.0;9.0;1.0;4e-06;15067;1573
dataset0006;2;1.0;3.0;7.0;4.0;8.0;1.0;0.001624;15067;1606
dataset0006;3;1.0;4.0;6.0;5.0;7.0;1.0;0.073784;67256;6891
dataset0006;4;1.0;5.0;5.0;6.0;6.0;1.0;0.010056;67299;6844
dataset0006;5;1.0;6.0;4.0;7.0;5.0;1.0;7.2e-05;15190;1498
dataset0006;1;0.5;6.5;3.5;7.5;4.0;0.5;0.0;15190;1488
dataset0006;2;0.5;6.5;4.5;7.5;5.0;0.5;6e-06;15190;1472
dataset0006;3;0.5;6.5;5.5;7.5;6.0;0.5;0.000358;15190;1450
dataset0006;4;0.5;6.5;6.5;7.5;7.0;0.5;0.00448;36964;3640
dataset0006;5;0.5;6.5;7.5;7.5;8.0;0.5;0.033972;57884;6269
dataset0006;1;2.0;2.0;4.0;4.0;5.0;2.0;0.144186;175507;18635
dataset0006;2;2.0;6.0;4.0;8.0;5.0;2.0;7.2e-05;15190;1527
dataset0006;3;2.0;2.0;8.0;4.0;9.0;2.0;6.6e-05;15067;1500
dataset0006;4;2.0;6.0;8.0;8.0;9.0;2.0;0.1448;175603;18092
dataset0006;5;2.0;4.5;5.5;5.5;7.5;2.0;0.132734;134197;14547
dataset0006;1;1.5;3.5;3.5;4.5;5.0;1.5;0.016846;65396;6736
dataset0006;2;1.5;3.5;4.5;4.5;6.0;1.5;0.111126;117585;12308
dataset0006;3;1.5;3.5;5.5;4.5;7.0;1.5;0.088464;119013;13143
dataset0006;4;1.5;3.5;6.5;4.5;8.0;1.5;0.01234;67256;6659
dataset0006;5;1.5;3.5;7.5;4.5;9.0;1.5;0.001384;15067;1547
dataset0006;1;0.75;2.5;8.75;3.5;9.5;0.75;0.0;15067;1543
dataset0006;2;0.75;2.5;7.75;3.5;8.5;0.75;3.8e-05;15067;1532
dataset0006;3;0.75;2.5;6.75;3.5;7.5;0.75;0.000918;15067;1475
dataset0006;4;0.75;2.5;5.75;3.5;6.5;0.75;0.008378;21804;2203
dataset0006;5;0.75;2.5;4.75;3.5;5.5;0.75;0.064156;115693;12254
dataset0006;1;1.75;5.5;7.75;6.5;9.5;1.75;0.027538;65567;6820
dataset0006;2;1.75;5.5;6.75;6.5;8.5;1.75;0.124576;117435;12127
dataset0006;3;1.75;5.5;5.75;6.5;7.5;1.75;0.090338;118723;12510
dataset0006;4;1.75;5.5;4.75;6.5;6.5;1.75;0.012582;15190;1603
dataset0006;5;1.75;5.5;3.75;6.5;5.5;1.75;0.001384;15190;1453
dataset0006;1;0.25;2.25;6.0;2.5;7.0;0.25;0.000358;29043;2940
dataset0006;2;0.25;2.5;6.0;2.75;7.0;0.25;0.000656;29043;2982
dataset0006;3;0.25;7.25;6.0;7.5;7.0;0.25;0.000708;29168;2889
dataset0006;4;0.25;7.5;6.0;7.75;7.0;0.25;0.000444;29168;2747
dataset0006;5;0.25;5.25;6.0;5.5;7.0;0.25;0.026686;59262;6153
dataset0006;1;1.25;1.5;3.5;2.75;4.5;1.25;0.128158;103883;11231
dataset0006;2;1.25;2.5;4.5;3.75;5.5;1.25;0.121118;115693;12585
dataset0006;3;1.25;3.5;5.5;4.75;6.5;1.25;0.108056;103946;10873
dataset0006;4;1.25;4.5;6.5;5.75;7.5;1.25;0.09326;126449;13026
dataset0006;5;1.25;5.5;7.5;6.75;8.5;1.25;0.077724;65567;6843
dataset0006;1;2.25;1.5;6.0;3.75;7.0;2.25;0.010102;36871;3618
dataset0006;2;2.25;6.25;6.0;8.5;7.0;2.25;0.010326;36964;3468
dataset0006;3;2.25;4.5;3.5;5.5;5.75;2.25;0.014894;80938;8101
dataset0006;4;2.25;4.5;7.25;5.5;9.5;2.25;0.015212;80800;8308
dataset0006;5;2.15;3.85;6.0;6.0;7.0;2.15;0.150324;134314;13897
dataset0006;1;2.5;1.5;3.5;2.5;6.0;2.5;0.126992;117859;12484
dataset0006;2;2.5;7.5;3.5;8.5;6.0;2.5;1.8e-05;15190;1474
dataset0006;3;2.5;1.5;7.0;2.5;9.5;2.5;2e-05;15067;1505
dataset0006;4;2.5;7.5;7.0;8.5;9.5;2.5;0.126038;117795;12132
dataset0006;5;2.5;4.0;6.0;6.5;7.0;2.5;0.155484;134314;13881
